0.0,0.0,0.0,0.0,0.0,0.0,0.0,0.0,0.0,0.0,0.0,0.0,0.0,0.0,0.0,0.0,0.0,0.0,0.0,0.0,0.0,0.0,0.0,0.0,0.0,0.0,0.0,0.0,0.0,0.0,0.0,0.0,0.0,0.0,0.0,0.0,0.0,0.0,0.0,0.0,0.0,0.0,0.0,0.0,0.0,0.0,0.0,0.0,0.0,0.0,0.0,0.0,0.0,0.0,0.0,0.0,0.0,0.0,0.0,0.0,0.0,0.0,0.0,0.0,0.0,0.0,0.0,0.0,0.0,0.0,0.0,0.0,0.0,0.0,0.0,0.0,0.0,0.0,0.0,0.0,0.0,0.0,0.0,0.0,0.0,0.0,0.0,0.0,0.0,0.0,0.0,0.0,0.0,0.0,0.0,0.0,0.0,0.0,0.0,0.0,0.0,0.0,0.0,0.0,0.0,0.0,0.0,0.0,0.0,0.0,0.0,0.0,0.0,0.0,0.0,0.0,0.0,0.0,0.0,0.0,0.0,0.0,0.0,0.0,0.0,0.0,0.0,0.0,0.0,0.0,0.0,0.0,0.0,0.0,0.0,0.0,0.0,0.0,0.0,0.0,0.0,0.0,0.0,0.0,0.0,0.0,0.0,0.0,0.0,0.0,0.0,0.0,0.0,0.0,0.0,0.0,0.0,0.0,0.0,0.0,0.0,0.0
0.4795188307762146,0.5259391665458679,-0.6175169348716736,0.5007163286209106,0.4737592339515686,-0.5812822580337524,0.5164390206336975,0.47364550828933716,-0.5811589360237122,0.5278337001800537,0.4742429852485657,-0.5812466144561768,0.4561956524848938,0.47796693444252014,-0.5702746510505676,0.4416781961917877,0.4806497097015381,-0.5695183277130127,0.4290338158607483,0.4836280643939972,-0.5695781111717224,0.5544552206993103,0.5035638213157654,-0.2982315719127655,0.41816866397857666,0.5137612223625183,-0.23742827773094177,0.511848509311676,0.5969924330711365,-0.5128820538520813,0.4549546241760254,0.5999504923820496,-0.49639445543289185,0.659790575504303,0.8335488438606262,-0.14035062491893768,0.33537164330482483,0.8500159382820129,-0.05919645354151726,0.7927854657173157,1.2518638372421265,-0.22056621313095093,0.24650602042675018,1.1766176223754883,-0.018009884282946587,0.7967021465301514,1.4262558221817017,-0.5268163084983826,0.1873149424791336,1.1436841487884521,-0.3977985978126526,0.8144724369049072,1.4973819255828857,-0.5854361653327942,0.15177316963672638,1.1461445093154907,-0.46686553955078125,0.7802404761314392,1.4583914279937744,-0.6174315810203552,0.16966697573661804,1.1097686290740967,-0.49115249514579773,0.7643543481826782,1.4344482421875,-0.5540778040885925,0.19131235778331757,0.9004312753677368,-0.4243980944156647,0.6054246425628662,1.6275652647018433,-0.07247164100408554,0.3658345341682434,1.6254284381866455,0.0772191658616066,0.5978732705116272,2.272423505783081,-0.25451716780662537,0.3772798478603363,2.27017879486084,0.03290162235498428,0.5937857031822205,2.8693864345550537,0.04512448608875275,0.3736690878868103,2.8597874641418457,0.21598392724990845,0.6040512919425964,2.9593112468719482,0.045633260160684586,0.36982905864715576,2.9480338096618652,0.21559858322143555,0.548600435256958,3.043431043624878,-0.4501819908618927,0.39379751682281494,3.038783550262451,-0.2956221401691437,0.17501552402973175,0.7916015386581421,2.30417157354168e-07,0.14682020246982574,0.8046560287475586,-0.017517907544970512,0.12191370129585266,0.7956689596176147,-0.018624018877744675,0.10065843909978867,0.7782526016235352,-0.015996599569916725,0.08136101067066193,0.7630516886711121,-0.012199644930660725,0.12117648124694824,0.7483501434326172,0.009237884543836117,0.0968378484249115,0.7339027523994446,0.019785262644290924,0.08127640932798386,0.7273862957954407,0.0242241770029068,0.07122482359409332,0.7247694730758667,0.026786061003804207,0.12584610283374786,0.7373918890953064,0.022084703668951988,0.10104235261678696,0.7186040878295898,0.03531918302178383,0.08604039251804352,0.7140036821365356,0.03737883269786835,0.0729781836271286,0.7107458114624023,0.03731068968772888,0.12790000438690186,0.7346858978271484,0.032519277185201645,0.10501819849014282,0.7199268937110901,0.042487554252147675,0.09026449173688889,0.7163283228874207,0.042172204703092575,0.0780426636338234,0.7146106958389282,0.040482886135578156,0.12654416263103485,0.7362695336341858,0.04117448255419731,0.10639858990907669,0.726352334022522,0.04862668365240097,0.09412392973899841,0.722844660282135,0.04981686919927597,0.08365504443645477,0.720780611038208,0.0495782233774662
0.4799130856990814,0.529406726360321,-0.6171684861183167,0.5014673471450806,0.47677984833717346,-0.5812815427780151,0.5169245600700378,0.47641754150390625,-0.5811631679534912,0.5281276106834412,0.47685104608535767,-0.5812410116195679,0.45736297965049744,0.4805693030357361,-0.5687452554702759,0.44317665696144104,0.48291015625,-0.5682412981987,0.4305359423160553,0.48603707551956177,-0.5682849287986755,0.5558202862739563,0.5052367448806763,-0.3036956489086151,0.42114144563674927,0.51600581407547,-0.23565135896205902,0.5119320750236511,0.6006647944450378,-0.512876570224762,0.45581790804862976,0.6040550470352173,-0.49476057291030884,0.6595998406410217,0.8294191956520081,-0.18134233355522156,0.3499892055988312,0.8459717035293579,-0.054459165781736374,0.7545940279960632,1.0478291511535645,-0.7400822043418884,0.2590023875236511,0.9513312578201294,-0.15272623300552368,0.796787440776825,0.8218094706535339,-1.5025445222854614,0.1884414702653885,0.8729467988014221,-0.5262147784233093,0.8414768576622009,0.7881975173950195,-1.6393028497695923,0.14102603495121002,0.8300543427467346,-0.6033285856246948,0.8341642022132874,0.74881911277771,-1.6544665098190308,0.14657753705978394,0.815863847732544,-0.6077731251716614,0.8072173595428467,0.7775147557258606,-1.5391900539398193,0.1710769385099411,0.8373427987098694,-0.5492337942123413,0.6012604236602783,1.6384702920913696,-0.07232097536325455,0.3794175982475281,1.6370623111724854,0.07693714648485184,0.5967225432395935,2.2605090141296387,-0.25624528527259827,0.38903704285621643,2.264996290206909,-0.04373965412378311,0.599014401435852,2.8588836193084717,-0.011132728308439255,0.3981127440929413,2.8605711460113525,-0.0051587363705039024,0.608415424823761,2.9517948627471924,-0.01229186076670885,0.40183770656585693,2.9506642818450928,-0.020485026761889458,0.5580880641937256,3.0287368297576904,-0.4499570429325104,0.41319623589515686,3.040579319000244,-0.4574826955795288,0.27479875087738037,0.8469046354293823,1.5628285154889454e-07,0.2502220869064331,0.7911527752876282,0.0012406986206769943,0.2119937539100647,0.7696887850761414,0.002528059296309948,0.18960614502429962,0.7631781101226807,0.0003246152773499489,0.17034074664115906,0.7520305514335632,-0.0027900408022105694,0.16353453695774078,0.7729871869087219,0.00893904734402895,0.1164519414305687,0.7516981959342957,-0.0024733960162848234,0.08319197595119476,0.7311261892318726,-0.013700862415134907,0.05465611070394516,0.7149034142494202,-0.02201096899807453,0.16029733419418335,0.7881225943565369,-0.0019940335769206285,0.11072169244289398,0.7597888112068176,-0.012889501638710499,0.07509253174066544,0.7355784177780151,-0.02572101168334484,0.04160037264227867,0.7158209085464478,-0.03503117710351944,0.16117790341377258,0.8097649812698364,-0.014739478938281536,0.11411471664905548,0.7868466377258301,-0.02592141181230545,0.08099972456693649,0.7664603590965271,-0.0366029255092144,0.051809392869472504,0.7495644688606262,-0.04371132329106331,0.1669381558895111,0.8379098176956177,-0.028035085648298264,0.1292503923177719,0.8369400501251221,-0.03711917623877525,0.10410474240779877,0.824586808681488,-0.04213967174291611,0.08387044817209244,0.809292197227478,-0.045897018164396286,0.8401393294334412,0.6950864791870117,1.4336423248551e-07,0.8603484630584717,0.7004569172859192,-0.0006330894539132714,0.8825124502182007,0.6907808780670166,-7.650815678061917e-05,0.9007701873779297,0.6864644885063171,6.566125375684351e-05,0.9162657856941223,0.6860254406929016,0.0010867082746699452,0.8834254741668701,0.6402650475502014,0.007067340426146984,0.9062197804450989,0.6226629018783569,0.008541613817214966,0.9203893542289734,0.6210443377494812,0.008482121862471104,0.92973792552948,0.6230522394180298,0.008624848909676075,0.8817625045776367,0.6301848292350769,0.007259752601385117,0.9049368500709534,0.6122130751609802,0.009761292487382889,0.9193220734596252,0.6148982048034668,0.009008428081870079,0.9293837547302246,0.622696042060852,0.008161848410964012,0.8811994194984436,0.6297897100448608,0.0069900755770504475,0.9041961431503296,0.6183411478996277,0.009865786880254745,0.9164397120475769,0.6254023313522339,0.009987927041947842,0.924405038356781,0.6348526477813721,0.009444952942430973,0.8819331526756287,0.636974573135376,0.006364512722939253,0.900682806968689,0.6297770142555237,0.009934019297361374,0.9107080698013306,0.6354483366012573,0.012283268384635448,0.9163217544555664,0.642791748046875,0.013731253333389759,0.1584511399269104,0.8127526044845581,1.306389663113805e-07,0.13988299667835236,0.8304436206817627,-0.011123910546302795,0.11715608090162277,0.8264310956001282,-0.017660794779658318,0.09902172535657883,0.8180629014968872,-0.022419262677431107,0.08271259814500809,0.8084797859191895,-0.02697676233947277,0.10793333500623703,0.7765083312988281,-0.015363185666501522,0.08235551416873932,0.7550057172775269,-0.024268848821520805,0.06262560933828354,0.745296061038971,-0.030911237001419067,0.04646552726626396,0.740961492061615,-0.03511548042297363,0.11008453369140625,0.7640677094459534,-0.014312750659883022,0.08497846871614456,0.7381077408790588,-0.022847414016723633,0.06417042762041092,0.7265211343765259,-0.02893962152302265,0.04688917472958565,0.72067791223526,-0.03292291611433029,0.11254841834306717,0.7562613487243652,-0.014049681834876537,0.08950313180685043,0.7295308113098145,-0.0211300291121006,0.07012547552585602,0.7175540924072266,-0.025275150313973427,0.053642481565475464,0.7101303935050964,-0.027764247730374336,0.11605538427829742,0.7535568475723267,-0.014599539339542389,0.09789472073316574,0.7309792041778564,-0.020446738228201866,0.08313918113708496,0.7182941436767578,-0.022856926545500755,0.07050077617168427,0.710456132888794,-0.024111391976475716
0.48401013016700745,0.5357978940010071,-0.718554675579071,0.5056579113006592,0.48118868470191956,-0.6768905520439148,0.5202529430389404,0.480392724275589,-0.6770458221435547,0.5316606163978577,0.480503112077713,-0.6768166422843933,0.46182531118392944,0.4858495593070984,-0.667866051197052,0.44846969842910767,0.4888184070587158,-0.6679074168205261,0.43564552068710327,0.4927056133747101,-0.6680591106414795,0.5595353245735168,0.5070999264717102,-0.3715571165084839,0.4266894459724426,0.5240767002105713,-0.32485857605934143,0.5155795812606812,0.6063730716705322,-0.6037935018539429,0.46184495091438293,0.6125957369804382,-0.591256320476532,0.6615170240402222,0.8294422030448914,-0.17659543454647064,0.3563444912433624,0.8463509678840637,-0.13475067913532257,0.8250405788421631,0.9712649583816528,-0.5230314135551453,0.2582671046257019,0.9832209944725037,-0.435578852891922,0.8955872654914856,0.810079038143158,-1.0544102191925049,0.17685316503047943,0.9149709343910217,-1.0469119548797607,0.9605376124382019,0.7710173726081848,-1.1413021087646484,0.10222732275724411,0.876846969127655,-1.1496495008468628,0.9471374750137329,0.7351206541061401,-1.163529634475708,0.11171320080757141,0.8627272248268127,-1.1464959383010864,0.9107072949409485,0.7743473649024963,-1.0863009691238403,0.14170192182064056,0.8472819328308105,-1.0709396600723267,0.6101043820381165,1.6381975412368774,-0.05673668161034584,0.39829614758491516,1.6380681991577148,0.06061168015003204,0.609990119934082,2.2608349323272705,-0.1845267117023468,0.4096386134624481,2.2644362449645996,-0.06741701811552048,0.6328858137130737,2.85912823677063,0.1060212105512619,0.4331912100315094,2.861285924911499,0.041986145079135895,0.6414514183998108,2.95190167427063,0.10826273262500763,0.4382084906101227,2.9508979320526123,0.03457105532288551,0.600304901599884,3.029078722000122,-0.3306104242801666,0.45882412791252136,3.044802188873291,-0.4272908568382263,0.24187777936458588,0.8936028480529785,3.303306925772631e-07,0.2142634093761444,0.8338701725006104,0.01118695829063654,0.17494308948516846,0.8170385956764221,0.016714055091142654,0.15277068316936493,0.8073824048042297,0.016515735536813736,0.13492466509342194,0.8026800155639648,0.014984812587499619,0.1199527159333229,0.831885576248169,0.021430831402540207,0.07234903424978256,0.810885488986969,0.01521093025803566,0.03856750205159187,0.7930554151535034,0.0069005913101136684,0.007210161536931992,0.7826727032661438,4.731868102680892e-05,0.11455361545085907,0.8457225561141968,0.005713454447686672,0.06263654679059982,0.8173844218254089,0.0006411125068552792,0.02649967186152935,0.7971470355987549,-0.009133442305028439,-0.005368150305002928,0.7809277772903442,-0.016733508557081223,0.11553672701120377,0.8690372705459595,-0.011297526769340038,0.06357558071613312,0.8478816747665405,-0.01838301122188568,0.026460828259587288,0.8351323008537292,-0.029387500137090683,-0.005105744581669569,0.8246120810508728,-0.03742875158786774,0.12367502599954605,0.9003086090087891,-0.027881013229489326,0.07976911216974258,0.9044380784034729,-0.03502247855067253,0.05094565078616142,0.8965299725532532,-0.039928048849105835,0.026454245671629906,0.8830154538154602,-0.04371502250432968
0.48899978399276733,0.5370587110519409,-0.6886082291603088,0.510898768901825,0.48232048749923706,-0.6486791968345642,0.5245351791381836,0.48131486773490906,-0.6487587094306946,0.5364709496498108,0.4812431037425995,-0.6486073136329651,0.4668492078781128,0.48725223541259766,-0.63845294713974,0.45403072237968445,0.4900728464126587,-0.6382138729095459,0.441521018743515,0.493938148021698,-0.6383494734764099,0.5644025206565857,0.5074505805969238,-0.3538232743740082,0.4312995970249176,0.5253230929374695,-0.29906386137008667,0.5203278660774231,0.6069701910018921,-0.5778968930244446,0.46740421652793884,0.6132224798202515,-0.5634343028068542,0.6639307141304016,0.8300420045852661,-0.14951546490192413,0.35909727215766907,0.8461954593658447,-0.12083352357149124,0.8176959753036499,1.052868366241455,-0.4672207832336426,0.22118420898914337,1.0611103773117065,-0.4962620437145233,0.8891645669937134,0.8957579731941223,-1.0024412870407104,0.15825839340686798,0.9442638754844666,-1.256887435913086,0.9443700313568115,0.8662150502204895,-1.0955986976623535,0.08433103561401367,0.8962900042533875,-1.3832820653915405,0.9292210340499878,0.8245353102684021,-1.1003963947296143,0.09753142297267914,0.8764252662658691,-1.3779869079589844,0.898112416267395,0.8381645679473877,-1.0294550657272339,0.12743765115737915,0.863560140132904,-1.284666657447815,0.6147162318229675,1.627254843711853,-0.048479218035936356,0.39713647961616516,1.6237295866012573,0.052496396005153656,0.609724223613739,2.262207508087158,-0.1112862154841423,0.408022403717041,2.2641608715057373,-0.054573290050029755,0.6271473169326782,2.8603098392486572,0.23838669061660767,0.4215950071811676,2.8581106662750244,0.10947944223880768,0.6357969641685486,2.952298879623413,0.2456880658864975,0.4238089323043823,2.9407334327697754,0.11434724181890488,0.5938165187835693,3.0294864177703857,-0.2167060673236847,0.4490380883216858,3.043654441833496,-0.36561813950538635,0.20977990329265594,0.9120423197746277,2.602936604034767e-07,0.18631787598133087,0.856905460357666,0.007952805608510971,0.15112991631031036,0.8349730968475342,0.011639522388577461,0.13373294472694397,0.8201444745063782,0.009941325522959232,0.12134546786546707,0.8108993768692017,0.006937392987310886,0.08423030376434326,0.8548654913902283,0.02232591062784195,0.039134468883275986,0.833808422088623,0.016706695780158043,0.008136945776641369,0.8175350427627563,0.007915462367236614,-0.019730517640709877,0.8050869703292847,0.00030815580976195633,0.0795489028096199,0.8715503811836243,0.008470839820802212,0.03090916946530342,0.8523614406585693,0.003872963134199381,-0.0036533677484840155,0.8387911915779114,-0.006542163901031017,-0.03602476045489311,0.8271200060844421,-0.015407069586217403,0.08134622126817703,0.8931043148040771,-0.0071667274460196495,0.03163455054163933,0.8777418732643127,-0.012418695725500584,-0.0010723944287747145,0.8664795160293579,-0.021918082609772682,-0.03118925355374813,0.8587210178375244,-0.029691025614738464,0.08919267356395721,0.9181904792785645,-0.02308052033185959,0.0490979440510273,0.9126613736152649,-0.027365565299987793,0.022521505132317543,0.9022993445396423,-0.030735589563846588,-0.002364659681916237,0.8906741142272949,-0.03433584049344063
0.49358266592025757,0.5378257632255554,-0.7026721835136414,0.5159794092178345,0.4830021560192108,-0.6546177268028259,0.5289246439933777,0.4820811450481415,-0.654744565486908,0.5418026447296143,0.48201870918273926,-0.6545093059539795,0.47107046842575073,0.48795443773269653,-0.6487800478935242,0.4580145478248596,0.490763396024704,-0.6485339403152466,0.44507989287376404,0.4947202801704407,-0.6487019062042236,0.5691529512405396,0.5084400773048401,-0.34927111864089966,0.4340053200721741,0.5261207222938538,-0.2968680262565613,0.5247694849967957,0.608177661895752,-0.581781804561615,0.47143319249153137,0.6141857504844666,-0.5733387470245361,0.6660339832305908,0.8322696685791016,-0.13465675711631775,0.3599757254123688,0.8471556901931763,-0.12166323512792587,0.8149020671844482,1.0787177085876465,-0.5236620306968689,0.20631523430347443,1.0969324111938477,-0.5648910999298096,0.8773438334465027,0.9194492697715759,-1.1801536083221436,0.16141553223133087,0.9358237981796265,-1.4125378131866455,0.9363076686859131,0.8851886987686157,-1.2936924695968628,0.0953621193766594,0.8817404508590698,-1.556272268295288,0.9220672845840454,0.8354738354682922,-1.2954528331756592,0.1096649020910263,0.8684239983558655,-1.5425992012023926,0.8929678201675415,0.8519899845123291,-1.2076054811477661,0.13806958496570587,0.8639706373214722,-1.4388610124588013,0.6152509450912476,1.6260355710983276,-0.04014583304524422,0.3960053026676178,1.6214627027511597,0.04430753365159035,0.6094762086868286,2.2738523483276367,-0.09232457727193832,0.4069078266620636,2.2672526836395264,-0.03970012813806534,0.6238885521888733,2.869601249694824,0.26238569617271423,0.4156852066516876,2.8604681491851807,0.12122311443090439,0.6325938701629639,2.9602184295654297,0.26885345578193665,0.4167492985725403,2.941143035888672,0.12276878952980042,0.5890988111495972,3.037588119506836,-0.20914149284362793,0.44293251633644104,3.0495901107788086,-0.36288654804229736,0.21787208318710327,0.897424578666687,1.2774479785093718e-07,0.19692441821098328,0.8492655754089355,0.007260789163410664,0.16654248535633087,0.8251221179962158,0.009206569753587246,0.14938391745090485,0.8140720725059509,0.005788471084088087,0.13937842845916748,0.8037095665931702,0.001604126882739365,0.10193982720375061,0.8332208395004272,0.02253132499754429,0.058614328503608704,0.8096858859062195,0.017838574945926666,0.030670003965497017,0.7920031547546387,0.010220670141279697,0.006716285832226276,0.7779672145843506,0.0034650289453566074,0.09463821351528168,0.8456042408943176,0.009658456780016422,0.046256523579359055,0.8228195309638977,0.006325064692646265,0.016539210453629494,0.805449366569519,-0.0015886795008555055,-0.009649671614170074,0.7915185689926147,-0.00882685650140047,0.09303593635559082,0.862568199634552,-0.005145606584846973,0.04491511359810829,0.8432403802871704,-0.008042272180318832,0.015949660912156105,0.8283817172050476,-0.014427892863750458,-0.008532993495464325,0.8166758418083191,-0.020601101219654083,0.09618211537599564,0.8840303421020508,-0.020483288913965225,0.05967550724744797,0.8760846257209778,-0.021319206804037094,0.036708008497953415,0.8651161789894104,-0.022349728271365166,0.016570236533880234,0.8542489409446716,-0.02490420639514923
0.494791179895401,0.5378012657165527,-0.7147999405860901,0.5181606411933899,0.483022004365921,-0.6640716791152954,0.5311218500137329,0.48212501406669617,-0.6642237305641174,0.5439119338989258,0.4820779860019684,-0.6638814806938171,0.4728822410106659,0.48791182041168213,-0.6585277318954468,0.45945829153060913,0.49070999026298523,-0.6584280729293823,0.4461594820022583,0.4946797788143158,-0.6585723161697388,0.571058452129364,0.5085236430168152,-0.3420999348163605,0.43500158190727234,0.5259338617324829,-0.30116429924964905,0.5257629752159119,0.6083478927612305,-0.5915440320968628,0.47197437286376953,0.6141320466995239,-0.5842620134353638,0.666008710861206,0.8327381610870361,-0.12839773297309875,0.3600427210330963,0.8466423153877258,-0.12481413781642914,0.812359094619751,1.091517686843872,-0.4971058666706085,0.21185502409934998,1.10564386844635,-0.5564554333686829,0.8782091736793518,0.870578944683075,-1.1292579174041748,0.16352933645248413,0.8924124240875244,-1.3587892055511475,0.9379359483718872,0.8381022214889526,-1.239301085472107,0.10096998512744904,0.8319986462593079,-1.4976563453674316,0.9329332709312439,0.7872153520584106,-1.255038857460022,0.11260190606117249,0.8123123645782471,-1.4840549230575562,0.9024547934532166,0.8087961077690125,-1.160884976387024,0.13915064930915833,0.8455475568771362,-1.3835301399230957,0.6164830923080444,1.623955488204956,-0.03626393899321556,0.39842888712882996,1.6206109523773193,0.04040250554680824,0.6092950701713562,2.2761120796203613,-0.12690897285938263,0.404075026512146,2.268888473510742,-0.05727877467870712,0.622150719165802,2.87125825881958,0.19954071938991547,0.41247668862342834,2.8640663623809814,0.07928701490163803,0.6318172812461853,2.961364984512329,0.20383207499980927,0.41289404034614563,2.9451138973236084,0.07537751644849777,0.586132287979126,3.040926218032837,-0.26124095916748047,0.4386979937553406,3.054671049118042,-0.40906330943107605,0.23996366560459137,0.8602731823921204,5.2031808195351914e-08,0.21370795369148254,0.8130590319633484,0.011233251541852951,0.1814238429069519,0.7932138442993164,0.01545877754688263,0.16162097454071045,0.7847486734390259,0.013898001052439213,0.14518502354621887,0.7722331285476685,0.011427212506532669,0.1283787488937378,0.7873128056526184,0.02405698597431183,0.0857689380645752,0.7615681290626526,0.018741022795438766,0.05721692368388176,0.7445837259292603,0.011343874037265778,0.03185034543275833,0.7325611710548401,0.00484114233404398,0.12309996783733368,0.7966117262840271,0.009711367078125477,0.07558110356330872,0.7650144100189209,0.004724671598523855,0.0461854487657547,0.7465938925743103,-0.003871344728395343,0.019489068537950516,0.7325343489646912,-0.011163895949721336,0.12240640074014664,0.813909113407135,-0.006126314867287874,0.07486846297979355,0.7864842414855957,-0.011112122796475887,0.04597611725330353,0.7695022821426392,-0.018247025087475777,0.021650182083249092,0.7580236196517944,-0.02439955063164234,0.12549740076065063,0.8381800651550293,-0.021864304319024086,0.08837335556745529,0.8243491649627686,-0.025549260899424553,0.0641867071390152,0.8108217120170593,-0.027940616011619568,0.04333795607089996,0.7988027334213257,-0.030951915308833122
0.4948631525039673,0.5379302501678467,-0.7584400773048401,0.5188117623329163,0.4834950864315033,-0.7067407965660095,0.5321066379547119,0.4829932749271393,-0.7070068717002869,0.544512152671814,0.4833561182022095,-0.7067961096763611,0.47342321276664734,0.4878823161125183,-0.6989525556564331,0.4598067104816437,0.49067750573158264,-0.6989370584487915,0.4463120102882385,0.49443280696868896,-0.6990811228752136,0.5716118216514587,0.5103781223297119,-0.3646932542324066,0.43519458174705505,0.5256606340408325,-0.32621994614601135,0.5256456136703491,0.6095229983329773,-0.6313435435295105,0.47151073813438416,0.6141710877418518,-0.6220673322677612,0.6671737432479858,0.8339657187461853,-0.1641933023929596,0.3599182963371277,0.8474419116973877,-0.1284221112728119,0.810313880443573,1.104272723197937,-0.6427045464515686,0.21569980680942535,1.1106904745101929,-0.5922932028770447,0.8707253336906433,0.8558283448219299,-1.3319004774093628,0.1767578274011612,0.8699365258216858,-1.4659227132797241,0.9250770211219788,0.8012253642082214,-1.46258544921875,0.11407827585935593,0.7942768931388855,-1.6195582151412964,0.9194858074188232,0.7587676644325256,-1.4638704061508179,0.11764982342720032,0.7791821956634521,-1.6046950817108154,0.8894578218460083,0.7924779653549194,-1.3586199283599854,0.1453869789838791,0.8230521082878113,-1.4933756589889526,0.6171026825904846,1.641481876373291,-0.03905074670910835,0.4030840992927551,1.6460329294204712,0.043239228427410126,0.624122679233551,2.2794604301452637,-0.17625032365322113,0.41236117482185364,2.2773327827453613,-0.13444209098815918,0.6379455327987671,2.8804306983947754,0.1298314332962036,0.43018853664398193,2.886563539505005,-0.015721149742603302,0.6446687579154968,2.9708433151245117,0.1325249969959259,0.4316750764846802,2.9757378101348877,-0.022902226075530052,0.6057435870170593,3.0540614128112793,-0.33286193013191223,0.46001383662223816,3.0685713291168213,-0.5104067325592041,0.25079044699668884,0.8225701451301575,7.346289976339904e-08,0.2120637148618698,0.7789996862411499,0.013004887849092484,0.16943156719207764,0.7649655342102051,0.01919184997677803,0.13900119066238403,0.7580087184906006,0.01997016742825508,0.11406835168600082,0.7522584199905396,0.019723009318113327,0.14336617290973663,0.7502254247665405,0.021462148055434227,0.1008031815290451,0.726082980632782,0.01446864940226078,0.07064429670572281,0.710232675075531,0.006716933101415634,0.04453868791460991,0.6985964775085449,0.0007452623685821891,0.14079710841178894,0.7575799226760864,0.007432435639202595,0.09071718156337738,0.7271433472633362,0.0009527333895675838,0.05963275954127312,0.7106171250343323,-0.006493857130408287,0.0322192907333374,0.6978766918182373,-0.012264384888112545,0.14149008691310883,0.7738271951675415,-0.007820035330951214,0.09228269010782242,0.747795045375824,-0.0140019990503788,0.06115050986409187,0.7321760654449463,-0.020381012931466103,0.03659569472074509,0.7207163572311401,-0.025415172800421715,0.1447829306125641,0.7997696399688721,-0.02268701046705246,0.10702395439147949,0.7872985601425171,-0.02705700509250164,0.08263029158115387,0.774922788143158,-0.02953493967652321,0.06190657615661621,0.7631422877311707,-0.03225008398294449
0.4946831166744232,0.5357571244239807,-0.7928748726844788,0.5185047388076782,0.48007553815841675,-0.7425148487091064,0.5320359468460083,0.4799254238605499,-0.7427001595497131,0.5441762208938599,0.4802565276622772,-0.7424432635307312,0.4731691777706146,0.48314163088798523,-0.7337923645973206,0.45947951078414917,0.4852641820907593,-0.7338060140609741,0.44604799151420593,0.4884004294872284,-0.7341194748878479,0.5715389847755432,0.5080469250679016,-0.39319244027137756,0.4352380335330963,0.5206784605979919,-0.3482350707054138,0.5254098773002625,0.6061078310012817,-0.6643994450569153,0.4711408019065857,0.6102022528648376,-0.6526867747306824,0.6708884835243225,0.8339772820472717,-0.1630810797214508,0.35929468274116516,0.8446286916732788,-0.14921067655086517,0.806128203868866,1.1120615005493164,-0.5459157824516296,0.2177450954914093,1.1110529899597168,-0.5044978260993958,0.8573047518730164,0.8394649624824524,-1.1243863105773926,0.18340709805488586,0.8581686019897461,-1.1804362535476685,0.9182649254798889,0.7801099419593811,-1.2260665893554688,0.12549413740634918,0.7798515558242798,-1.2979071140289307,0.9115756750106812,0.7425199151039124,-1.2426421642303467,0.12893398106098175,0.7630404829978943,-1.2807809114456177,0.8888406157493591,0.7876631617546082,-1.1509032249450684,0.15573269128799438,0.8048978447914124,-1.2000720500946045,0.6173744201660156,1.6375784873962402,-0.04006783664226532,0.40132948756217957,1.6424602270126343,0.04453197866678238,0.6226372122764587,2.280717134475708,-0.10119819641113281,0.4094811975955963,2.277268409729004,-0.10589347779750824,0.6364650726318359,2.8801662921905518,0.2949225604534149,0.4258219301700592,2.8863282203674316,0.17426596581935883,0.6441214680671692,2.9706122875213623,0.3053911328315735,0.42645493149757385,2.973008632659912,0.1827424168586731,0.6029587984085083,3.054786205291748,-0.18801720440387726,0.4567050635814667,3.067347526550293,-0.3468073904514313,0.24982531368732452,0.804556667804718,1.0596178157129543e-07,0.22103875875473022,0.7671695947647095,0.015489469282329082,0.18515226244926453,0.7522727251052856,0.021496761590242386,0.16279904544353485,0.7409654855728149,0.022083492949604988,0.14535638689994812,0.7288516163825989,0.02126634493470192,0.14293226599693298,0.7411527633666992,0.018920140340924263,0.10010681301355362,0.714084267616272,0.013768141157925129,0.07148276269435883,0.6959498524665833,0.008212478831410408,0.04674149304628372,0.6826505064964294,0.00365307554602623,0.1398409754037857,0.7453861236572266,0.003968256525695324,0.09099232405424118,0.7129648923873901,-0.00011053891648771241,0.06133170425891876,0.6936033964157104,-0.005211380310356617,0.03582648187875748,0.6790792346000671,-0.009829862043261528,0.1407814770936966,0.7611868381500244,-0.011555200442671776,0.09182097017765045,0.7355244159698486,-0.01565300114452839,0.06158382445573807,0.7196260094642639,-0.02092917449772358,0.03715948387980461,0.7075273394584656,-0.025887293741106987,0.14435984194278717,0.7892130613327026,-0.026316072791814804,0.1066528931260109,0.7787726521492004,-0.030069516971707344,0.08259008824825287,0.7655838131904602,-0.03243318200111389,0.062132664024829865,0.7522960901260376,-0.03536008298397064
0.4952313005924225,0.5317820906639099,-0.6685047745704651,0.5188553929328918,0.47669553756713867,-0.6164966225624084,0.5324041247367859,0.4765712022781372,-0.6165618896484375,0.5441897511482239,0.4768781363964081,-0.6163036227226257,0.47415369749069214,0.4803992509841919,-0.6125871539115906,0.460396409034729,0.48263466358184814,-0.6124199032783508,0.4469524323940277,0.4857615828514099,-0.612718939781189,0.5716915726661682,0.506056547164917,-0.2799554467201233,0.4360696077346802,0.5190255045890808,-0.25795647501945496,0.5260782837867737,0.6002443432807922,-0.5448102951049805,0.4719821512699127,0.6031568646430969,-0.5402690768241882,0.6711053252220154,0.8312062621116638,-0.08499030023813248,0.3592378497123718,0.8364944458007812,-0.10717190057039261,0.7972857356071472,1.0795719623565674,-0.5156203508377075,0.21920350193977356,0.9820061326026917,-0.5235589742660522,0.8172442317008972,0.7969945073127747,-1.0790358781814575,0.1697864830493927,0.8543652892112732,-1.2679924964904785,0.8674541115760803,0.7141693830490112,-1.1747822761535645,0.1150161400437355,0.7831176519393921,-1.3934342861175537,0.8564013242721558,0.6716246604919434,-1.1976821422576904,0.1260169893503189,0.7710971832275391,-1.365393877029419,0.8406940698623657,0.7268258929252625,-1.1000516414642334,0.14755819737911224,0.8066404461860657,-1.2858226299285889,0.6172112822532654,1.6084482669830322,-0.03664045408368111,0.4003058671951294,1.6124398708343506,0.04082274064421654,0.6213662624359131,2.265416383743286,-0.12261588126420975,0.40789783000946045,2.2560620307922363,-0.08850092440843582,0.6345950961112976,2.8562605381011963,0.2514432668685913,0.42320340871810913,2.8554139137268066,0.06391490995883942,0.6428252458572388,2.9414544105529785,0.26351219415664673,0.42325812578201294,2.9379026889801025,0.062285348773002625,0.5995362401008606,3.032618522644043,-0.24676910042762756,0.4537248909473419,3.038698673248291,-0.4305696487426758,0.22038687765598297,0.8034863471984863,3.13328996526252e-07,0.1790863275527954,0.7704930305480957,0.010339731350541115,0.1351879984140396,0.7622864246368408,0.01280034426599741,0.10502515733242035,0.7616624236106873,0.010787366889417171,0.07739414274692535,0.764750063419342,0.007479104213416576,0.10736877471208572,0.7495400905609131,0.008761684410274029,0.06032382324337959,0.7243586182594299,-0.0028523127548396587,0.024574274197220802,0.7078952789306641,-0.013475516811013222,-0.007286519277840853,0.696952760219574,-0.020883802324533463,0.10614440590143204,0.7575860619544983,-0.005693162325769663,0.0515710674226284,0.7336488366127014,-0.01545059122145176,0.012883832678198814,0.7208529114723206,-0.025505980476737022,-0.020488420501351357,0.7095337510108948,-0.033029016107320786,0.10886643826961517,0.7760335803031921,-0.020423222333192825,0.05619938671588898,0.7552514672279358,-0.029317472130060196,0.018631184473633766,0.7456602454185486,-0.0378011092543602,-0.011422931216657162,0.7384458780288696,-0.04409700632095337,0.11654780060052872,0.8049479722976685,-0.03457438573241234,0.07694323360919952,0.7987027764320374,-0.041948385536670685,0.05009596794843674,0.7882559299468994,-0.04540069401264191,0.02766990475356579,0.7752493023872375,-0.04808399826288223
0.49772390723228455,0.5300665497779846,-0.7010897397994995,0.5208203792572021,0.4756169021129608,-0.6456155776977539,0.5336328744888306,0.4751570522785187,-0.6458234786987305,0.5454872250556946,0.47510653734207153,-0.6455997228622437,0.4769386053085327,0.4793747067451477,-0.6438924670219421,0.4631204605102539,0.48159846663475037,-0.643889307975769,0.44983208179473877,0.48435109853744507,-0.6442325711250305,0.5728780627250671,0.5043619275093079,-0.2818876802921295,0.4382345974445343,0.5173577070236206,-0.2847938537597656,0.5279560685157776,0.5987067818641663,-0.570533037185669,0.47550883889198303,0.6015602350234985,-0.569690465927124,0.6711578965187073,0.8266542553901672,-0.10015463829040527,0.3604486882686615,0.8313679099082947,-0.12053190171718597,0.7903125882148743,1.0663431882858276,-0.5094019174575806,0.2084072381258011,1.018660068511963,-0.6048445105552673,0.8003222346305847,0.7982515692710876,-1.061447024345398,0.164486363530159,0.8486676812171936,-1.4143117666244507,0.8433798551559448,0.7128651738166809,-1.1545679569244385,0.11269480735063553,0.7836326956748962,-1.5509992837905884,0.8283029794692993,0.6869500875473022,-1.1869744062423706,0.12629792094230652,0.7716726064682007,-1.5289350748062134,0.8170544505119324,0.7177731990814209,-1.081093430519104,0.14640255272388458,0.8057515621185303,-1.435066819190979,0.6144276857376099,1.607251524925232,-0.029723966494202614,0.4001346826553345,1.6106681823730469,0.03346073627471924,0.6187172532081604,2.2626140117645264,-0.1514756828546524,0.4070470631122589,2.2524402141571045,-0.16175420582294464,0.6328172087669373,2.853111505508423,0.11673402041196823,0.42146292328834534,2.8543460369110107,-0.07358312606811523,0.639863133430481,2.937936782836914,0.11737548559904099,0.4213448464870453,2.9381299018859863,-0.08128562569618225,0.5989496111869812,3.030104160308838,-0.3372122645378113,0.45130282640457153,3.035477876663208,-0.5570207834243774,0.2367662638425827,0.8083071708679199,6.410670749801284e-08,0.20553311705589294,0.7766928672790527,0.010761251673102379,0.16503921151161194,0.7611932158470154,0.015937216579914093,0.13944564759731293,0.7543923854827881,0.016487181186676025,0.11687013506889343,0.7475398182868958,0.016074126586318016,0.12571781873703003,0.7478885650634766,0.01780804432928562,0.07998128235340118,0.7241386771202087,0.011343750171363354,0.04787071794271469,0.7116124629974365,0.00416499562561512,0.020004549995064735,0.704929769039154,-0.0015645759413018823,0.12211545556783676,0.7531455755233765,0.00470319576561451,0.07090620696544647,0.7270486950874329,-0.0005780599894933403,0.03806324303150177,0.7158783078193665,-0.008323034271597862,0.008166974410414696,0.7094297409057617,-0.014893840067088604,0.12193762511014938,0.770327091217041,-0.009400367736816406,0.07161792367696762,0.7451264262199402,-0.015096588060259819,0.0390312597155571,0.7353740930557251,-0.02234194427728653,0.011823875829577446,0.7311028242111206,-0.028303178027272224,0.12439797073602676,0.7993470430374146,-0.023137347772717476,0.08484505861997604,0.7890222668647766,-0.028038635849952698,0.05808887258172035,0.7796931862831116,-0.03138437494635582,0.035270340740680695,0.77199387550354,-0.034766558557748795
0.4993347227573395,0.5265538096427917,-0.7074902057647705,0.5223681926727295,0.4732503294944763,-0.6528934836387634,0.5345371961593628,0.47306719422340393,-0.6531510949134827,0.546352207660675,0.4733693599700928,-0.6529688239097595,0.4790685772895813,0.475735068321228,-0.6504251956939697,0.4650088846683502,0.477485328912735,-0.6504082083702087,0.45167869329452515,0.4796081483364105,-0.6506763696670532,0.5739023089408875,0.5036705136299133,-0.29340860247612,0.43924856185913086,0.512474000453949,-0.28729233145713806,0.5286710858345032,0.5954576134681702,-0.5765502452850342,0.4768759310245514,0.5957481265068054,-0.5751072764396667,0.6714318990707397,0.8238786458969116,-0.11066225171089172,0.36004638671875,0.8247295618057251,-0.11382835358381271,0.7815178632736206,1.0752383470535278,-0.5931345224380493,0.22112788259983063,1.0299683809280396,-0.5243614912033081,0.7832545638084412,0.8104292750358582,-1.212969183921814,0.18640123307704926,0.8343926072120667,-1.262731909751892,0.8240691423416138,0.74508136510849,-1.3192061185836792,0.13905119895935059,0.7589751482009888,-1.3850650787353516,0.8192561864852905,0.7000044584274292,-1.2924968004226685,0.15274055302143097,0.7475360035896301,-1.368156909942627,0.797049880027771,0.7438292503356934,-1.2246848344802856,0.17118829488754272,0.7917699813842773,-1.2839378118515015,0.6128854751586914,1.6061832904815674,-0.03694842383265495,0.3997988998889923,1.6089931726455688,0.04021700099110603,0.6177061200141907,2.2620816230773926,-0.16517187654972076,0.40845897793769836,2.252723217010498,-0.1455020159482956,0.6300512552261353,2.8528928756713867,0.12142348289489746,0.4217439591884613,2.8539748191833496,-0.018139062449336052,0.636979877948761,2.937406301498413,0.12342289090156555,0.4210129976272583,2.937938690185547,-0.024186838418245316,0.5973512530326843,3.029172658920288,-0.33618658781051636,0.4508236050605774,3.0339515209198,-0.5079070925712585,0.27139154076576233,0.7961614727973938,1.3815094845881504e-08,0.23341615498065948,0.7670331001281738,0.011871030554175377,0.18980318307876587,0.7456081509590149,0.017997829243540764,0.15960301458835602,0.7342193126678467,0.02036145143210888,0.13389712572097778,0.7293210625648499,0.021903647109866142,0.1676998883485794,0.7232484817504883,0.011092199943959713,0.11957310140132904,0.6926516890525818,0.003659438109025359,0.08559153228998184,0.6798762083053589,-0.002135769696906209,0.05747546628117561,0.673612654209137,-0.006337834056466818,0.16725532710552216,0.7248342037200928,-0.0011652472894638777,0.11202696710824966,0.6929730772972107,-0.008731112815439701,0.0771753266453743,0.6810800433158875,-0.01528552919626236,0.04753212258219719,0.6746058464050293,-0.02030772529542446,0.16849668323993683,0.7422429323196411,-0.013600146397948265,0.11537057161331177,0.7133073210716248,-0.02150830812752247,0.08142464607954025,0.7011204957962036,-0.02831893227994442,0.05524725094437599,0.6953353881835938,-0.03311743214726448,0.1705651432275772,0.7748206257820129,-0.02509051375091076,0.1301025152206421,0.759498655796051,-0.031548306345939636,0.10284873843193054,0.7505128979682922,-0.0351756252348423,0.08053905516862869,0.7463507056236267,-0.038254134356975555
0.500146210193634,0.5250487327575684,-0.6891797184944153,0.5228556394577026,0.47135090827941895,-0.6433429718017578,0.5349918007850647,0.47049978375434875,-0.643534243106842,0.546801745891571,0.4699374735355377,-0.6433883905410767,0.4796484410762787,0.4743598699569702,-0.640216588973999,0.4654588997364044,0.47603335976600647,-0.6402041912078857,0.4520333707332611,0.4779224395751953,-0.6403971314430237,0.5746517181396484,0.5009226202964783,-0.3008061647415161,0.4395337998867035,0.5111140608787537,-0.28856709599494934,0.5293943285942078,0.5936704277992249,-0.5636214017868042,0.4778304100036621,0.5942912101745605,-0.5610619187355042,0.6734666228294373,0.8185846209526062,-0.10717303305864334,0.3620571196079254,0.8179682493209839,-0.11381299048662186,0.7751835584640503,1.082289218902588,-0.5572099685668945,0.2707199156284332,0.9030821919441223,-0.5078505873680115,0.7774506211280823,0.7844495177268982,-1.0008031129837036,0.21398445963859558,0.7861440181732178,-1.080468773841858,0.822138249874115,0.7159372568130493,-1.0677640438079834,0.16538602113723755,0.7106415629386902,-1.1742290258407593,0.8210287690162659,0.6708043813705444,-1.0218058824539185,0.17409871518611908,0.7046242952346802,-1.1540840864181519,0.7978218793869019,0.7170718312263489,-1.0001951456069946,0.19963417947292328,0.7564374208450317,-1.0974781513214111,0.614577054977417,1.606744647026062,-0.037624575197696686,0.4045129418373108,1.6096059083938599,0.04100058600306511,0.6181232333183289,2.256460189819336,-0.1656218320131302,0.4181818962097168,2.2499051094055176,-0.13706816732883453,0.6318494081497192,2.843484878540039,0.06320908665657043,0.4335874021053314,2.8497064113616943,-0.06820094585418701,0.6385095119476318,2.928471326828003,0.061396438628435135,0.4345739185810089,2.9352569580078125,-0.07765687257051468,0.5988618731498718,3.0224971771240234,-0.3560776114463806,0.46333643794059753,3.029773712158203,-0.522580623626709,0.3101164400577545,0.7928282022476196,-3.106246992956585e-08,0.27726221084594727,0.7585166096687317,0.009459128603339195,0.23549170792102814,0.732184112071991,0.01429465040564537,0.20614798367023468,0.7140170335769653,0.015963194891810417,0.18213781714439392,0.7038249373435974,0.016756540164351463,0.21252714097499847,0.7029851675033569,0.008866109885275364,0.1666616052389145,0.6678280234336853,0.0011018742807209492,0.13542218506336212,0.6484874486923218,-0.0055292039178311825,0.10993576794862747,0.6353959441184998,-0.010627607814967632,0.21132893860340118,0.7034386396408081,-0.0021513982210308313,0.1607557237148285,0.6625908613204956,-0.009655212983489037,0.1287340521812439,0.6425127387046814,-0.017104703933000565,0.10080605000257492,0.6273715496063232,-0.0229948777705431,0.21223922073841095,0.7176141142845154,-0.01342137809842825,0.16391558945178986,0.679936408996582,-0.021439187228679657,0.13297130167484283,0.6585572957992554,-0.029539311304688454,0.10800223052501678,0.6432787179946899,-0.035799700766801834,0.2151353806257248,0.7435504198074341,-0.02394416742026806,0.18102562427520752,0.7209322452545166,-0.032234713435173035,0.1572982519865036,0.7069695591926575,-0.037616174668073654,0.13683198392391205,0.6969309449195862,-0.0420396663248539
0.5025133490562439,0.5232445597648621,-0.6729094386100769,0.5247142910957336,0.46904054284095764,-0.6259900331497192,0.5366837382316589,0.4677760601043701,-0.6261932253837585,0.5494931936264038,0.46686121821403503,-0.6260692477226257,0.4810945391654968,0.4725998640060425,-0.625476598739624,0.4665362536907196,0.47435036301612854,-0.6255156397819519,0.45295029878616333,0.47613343596458435,-0.6257460117340088,0.577046275138855,0.4989323914051056,-0.2958364188671112,0.4397764801979065,0.5102884769439697,-0.28751546144485474,0.5318725109100342,0.5928088426589966,-0.5493679642677307,0.47990840673446655,0.5939576029777527,-0.5492593050003052,0.6805516481399536,0.8185836672782898,-0.10949587821960449,0.36187174916267395,0.8187350034713745,-0.13585640490055084,0.764261782169342,1.0101068019866943,-0.5884783267974854,0.2809373438358307,0.8921688199043274,-0.6041167378425598,0.7865686416625977,0.7989170551300049,-1.125014066696167,0.21817104518413544,0.7808983325958252,-1.2679040431976318,0.8312752842903137,0.7175420522689819,-1.2080405950546265,0.18113407492637634,0.7043262720108032,-1.381719708442688,0.8246204257011414,0.6897990703582764,-1.1610342264175415,0.18261726200580597,0.6932969689369202,-1.344964861869812,0.8033355474472046,0.7273378968238831,-1.1295180320739746,0.20904909074306488,0.7438294291496277,-1.2817014455795288,0.6218847632408142,1.6096158027648926,-0.03492867574095726,0.4086582064628601,1.6132198572158813,0.03840319812297821,0.627225935459137,2.258282423019409,-0.16727033257484436,0.42561089992523193,2.253816604614258,-0.14169363677501678,0.6436904668807983,2.8487343788146973,0.054952144622802734,0.44334250688552856,2.856848955154419,-0.08667108416557312,0.6509703993797302,2.9357411861419678,0.052930910140275955,0.4445509910583496,2.9453482627868652,-0.09820876270532608,0.6082680821418762,3.0306787490844727,-0.37403377890586853,0.4747180938720703,3.038109540939331,-0.5513049960136414,0.3225342929363251,0.7956753373146057,8.248665039900516e-08,0.290971964597702,0.7493264079093933,0.007819370366632938,0.25028303265571594,0.7162232995033264,0.011750132776796818,0.22030940651893616,0.694252610206604,0.012428238056600094,0.19425144791603088,0.6815112829208374,0.012316194362938404,0.22794602811336517,0.6944339275360107,0.0063888272270560265,0.18193550407886505,0.6578862071037292,-0.00500944210216403,0.14662571251392365,0.6358234882354736,-0.014255068264901638,0.1169871985912323,0.6225882172584534,-0.020782509818673134,0.2267814725637436,0.7007465958595276,-0.0052419318817555904,0.1746901124715805,0.6579478979110718,-0.01704401709139347,0.13768628239631653,0.6359636187553406,-0.026805389672517776,0.10409648716449738,0.6210629343986511,-0.03350911661982536,0.22698672115802765,0.7190619111061096,-0.017268911004066467,0.17610983550548553,0.6777206659317017,-0.028056234121322632,0.14300858974456787,0.6567200422286987,-0.035671576857566833,0.1145230308175087,0.6424685120582581,-0.04075649380683899,0.22843486070632935,0.74786376953125,-0.028899598866701126,0.19390667974948883,0.7163049578666687,-0.03915298357605934,0.16998286545276642,0.6948180198669434,-0.044751860201358795,0.14904935657978058,0.6774957776069641,-0.04857834801077843
0.5125576853752136,0.5188171863555908,-0.7087609767913818,0.5307285785675049,0.46196821331977844,-0.6580266356468201,0.5424944758415222,0.4603264033794403,-0.658236563205719,0.5560925602912903,0.4594641625881195,-0.6581137180328369,0.48735904693603516,0.46703800559043884,-0.6611070036888123,0.47208794951438904,0.46937111020088196,-0.6611373424530029,0.4582095444202423,0.4719645380973816,-0.661398708820343,0.5808715224266052,0.4942839443683624,-0.29699355363845825,0.4414511024951935,0.5078959465026855,-0.31015485525131226,0.5394134521484375,0.5897824764251709,-0.5744404196739197,0.4864879846572876,0.5920280814170837,-0.5794896483421326,0.6881729364395142,0.8185428380966187,-0.11193238198757172,0.36188316345214844,0.8164999485015869,-0.15384913980960846,0.787356972694397,1.0622193813323975,-0.5758457183837891,0.2724948823451996,0.8628250956535339,-0.6516324877738953,0.8151956796646118,0.8197325468063354,-1.1627665758132935,0.21284443140029907,0.7944748997688293,-1.3987194299697876,0.8519260883331299,0.7459349632263184,-1.2561646699905396,0.17137187719345093,0.7233390808105469,-1.515116810798645,0.8459112644195557,0.7069504261016846,-1.221838116645813,0.17642588913440704,0.7108935117721558,-1.487242341041565,0.8230449557304382,0.7517313361167908,-1.172120213508606,0.20293091237545013,0.7527267932891846,-1.4162753820419312,0.6296971440315247,1.6173431873321533,-0.0355406180024147,0.41053682565689087,1.6215842962265015,0.0390695184469223,0.6369577050209045,2.2710018157958984,-0.1333530843257904,0.42856258153915405,2.2718327045440674,-0.06794050335884094,0.6539965867996216,2.8639981746673584,0.15842653810977936,0.4484313130378723,2.8705058097839355,0.06914999336004257,0.6630151867866516,2.9499096870422363,0.16193200647830963,0.4483451545238495,2.957829475402832,0.0670449435710907,0.6182339787483215,3.049070358276367,-0.28537607192993164,0.4799894690513611,3.0536038875579834,-0.40729185938835144,0.29632994532585144,0.7953725457191467,2.2735629556791537e-07,0.2721601128578186,0.7463318705558777,0.009306623600423336,0.2353869080543518,0.7166606187820435,0.01388680748641491,0.20980779826641083,0.7031171917915344,0.014644553884863853,0.18730971217155457,0.6979184746742249,0.01456170529127121,0.196252703666687,0.7069132328033447,0.012547140941023827,0.14796119928359985,0.6747932434082031,0.004394401330500841,0.1122499629855156,0.6548396348953247,-0.003623838070780039,0.0810055136680603,0.6422433257102966,-0.00941157154738903,0.19311340153217316,0.7115008234977722,0.0008118996629491448,0.13858608901500702,0.6762076616287231,-0.006294230464845896,0.09992282837629318,0.6559576392173767,-0.014430045150220394,0.0663653090596199,0.640451967716217,-0.020684292539954185,0.19096235930919647,0.7300097346305847,-0.011470209807157516,0.13839085400104523,0.6929759383201599,-0.018935522064566612,0.10345566272735596,0.6731221675872803,-0.02718195877969265,0.0741286501288414,0.6617799997329712,-0.0331183597445488,0.1906481385231018,0.7601423859596252,-0.023193713277578354,0.15412664413452148,0.7309184670448303,-0.030121641233563423,0.12860214710235596,0.7116212248802185,-0.03426055610179901,0.10614984482526779,0.6974955201148987,-0.03736187890172005
0.5194763541221619,0.5116242170333862,-0.7996131777763367,0.5361974239349365,0.4516153633594513,-0.7509616017341614,0.5488472580909729,0.4502578675746918,-0.7512665390968323,0.5626514554023743,0.4498162865638733,-0.751069962978363,0.49142512679100037,0.456765741109848,-0.7439116835594177,0.47479048371315,0.45948049426078796,-0.743928849697113,0.4604625403881073,0.4634690284729004,-0.7441280484199524,0.5869438052177429,0.4879356622695923,-0.39770516753196716,0.44197139143943787,0.504590630531311,-0.3622640371322632,0.5464532971382141,0.5837194919586182,-0.6670676469802856,0.4905044138431549,0.5886154174804688,-0.65822434425354,0.6970189809799194,0.8179953694343567,-0.1945100575685501,0.36186838150024414,0.8168700337409973,-0.1475968360900879,0.8001930117607117,1.0861101150512695,-0.670149028301239,0.26215630769729614,1.0833723545074463,-0.5819036364555359,0.8296585083007812,0.8289505839347839,-1.3671014308929443,0.21233774721622467,0.808049201965332,-1.357028841972351,0.8742927312850952,0.7612648010253906,-1.4889737367630005,0.16618183255195618,0.7367755174636841,-1.4893386363983154,0.8721536993980408,0.7173418998718262,-1.4728080034255981,0.17284540832042694,0.7236540913581848,-1.4661099910736084,0.844866156578064,0.7621585130691528,-1.3863521814346313,0.19824515283107758,0.7608468532562256,-1.378299355506897,0.6367859244346619,1.620079755783081,-0.04374455288052559,0.41280263662338257,1.6283938884735107,0.04769979044795036,0.6548770666122437,2.277277946472168,-0.13992199301719666,0.4379729926586151,2.2849478721618652,-0.07701122015714645,0.6738653779029846,2.8793070316314697,0.18792103230953217,0.46188515424728394,2.8904781341552734,0.08498382568359375,0.6808048486709595,2.9693405628204346,0.19384244084358215,0.46308204531669617,2.981170892715454,0.08474517613649368,0.6435157656669617,3.0667121410369873,-0.2823536992073059,0.4964386522769928,3.0760185718536377,-0.41476505994796753,0.27114981412887573,0.8047018051147461,1.9143575968882942e-07,0.25570881366729736,0.7581390142440796,0.01130093913525343,0.22911179065704346,0.7298296689987183,0.014397121965885162,0.21231061220169067,0.7126899361610413,0.013420958071947098,0.19735051691532135,0.7012532949447632,0.011021035723388195,0.1739453822374344,0.715615451335907,0.011754512786865234,0.12771862745285034,0.6760596036911011,0.005043645389378071,0.09462850540876389,0.6572645902633667,-0.0012473429087549448,0.0658932775259018,0.6457110047340393,-0.006072872318327427,0.1706642359495163,0.7177607417106628,-0.0008826386765576899,0.11668170243501663,0.6757047772407532,-0.006340592633932829,0.08158168196678162,0.659457802772522,-0.01259609218686819,0.05122930184006691,0.6471459269523621,-0.018211713060736656,0.16867972910404205,0.7358667850494385,-0.013788198120892048,0.11532595753669739,0.6962262392044067,-0.018983829766511917,0.08298739045858383,0.679750919342041,-0.02537146583199501,0.05617784708738327,0.6712236404418945,-0.030992034822702408,0.16685958206653595,0.7668793797492981,-0.02595098316669464,0.12966051697731018,0.7370052337646484,-0.030854083597660065,0.10470796376466751,0.7175645232200623,-0.03413122892379761,0.08193893730640411,0.7031533718109131,-0.03751041740179062
0.5224314332008362,0.5072008371353149,-0.776889443397522,0.5385735630989075,0.44540128111839294,-0.7315751314163208,0.5516140460968018,0.44373413920402527,-0.7318833470344543,0.5657666325569153,0.4430679380893707,-0.7318258881568909,0.4930461049079895,0.4516264498233795,-0.7174475193023682,0.47649428248405457,0.45481911301612854,-0.7173997163772583,0.461946964263916,0.4598144292831421,-0.717540442943573,0.5907027125358582,0.48225730657577515,-0.37613731622695923,0.44327905774116516,0.5029917359352112,-0.34478965401649475,0.5508697032928467,0.5801870226860046,-0.6592437624931335,0.4947699308395386,0.5866262912750244,-0.6366553902626038,0.699482798576355,0.8158395290374756,-0.18927684426307678,0.3626890778541565,0.8123828172683716,-0.16148076951503754,0.8004981279373169,1.1274091005325317,-0.6154175996780396,0.23934024572372437,1.066787838935852,-0.7126924395561218,0.8286237120628357,0.8290259838104248,-1.2743042707443237,0.21374893188476562,0.8077918887138367,-1.5104389190673828,0.8731502890586853,0.7588568329811096,-1.324373722076416,0.16944046318531036,0.7348473072052002,-1.6269508600234985,0.8698990941047668,0.7205492258071899,-1.2458338737487793,0.18140247464179993,0.7278943061828613,-1.5889796018600464,0.8442932367324829,0.7568909525871277,-1.2389918565750122,0.20942336320877075,0.7636920213699341,-1.5245490074157715,0.6421821117401123,1.6233670711517334,-0.04355410858988762,0.4145258665084839,1.629280686378479,0.047496043145656586,0.6516498327255249,2.280170440673828,-0.13752169907093048,0.4349326193332672,2.284590721130371,-0.062414202839136124,0.666660487651825,2.8809452056884766,0.17225176095962524,0.45899900794029236,2.888408899307251,0.07814550399780273,0.6740825772285461,2.9699268341064453,0.1776311844587326,0.4608289897441864,2.9783716201782227,0.0761953815817833,0.6400628685951233,3.0696699619293213,-0.287991464138031,0.49388885498046875,3.073556900024414,-0.39746296405792236,0.2985731065273285,0.7950980067253113,5.658595725321902e-08,0.2779606878757477,0.7446412444114685,0.005124003626406193,0.24325710535049438,0.7163740396499634,0.006738276220858097,0.2190724015235901,0.7034689784049988,0.005248944740742445,0.19973741471767426,0.6928458213806152,0.002972416812554002,0.20252561569213867,0.7012566328048706,0.004899267572909594,0.15518762171268463,0.6632789969444275,-0.005560229532420635,0.12110542505979538,0.6428524851799011,-0.014288931153714657,0.09264037013053894,0.6315364837646484,-0.020603999495506287,0.19799168407917023,0.7088326811790466,-0.005886790808290243,0.14456073939800262,0.6652849912643433,-0.015383603982627392,0.10838394612073898,0.6449626088142395,-0.023969212546944618,0.07686920464038849,0.6325209736824036,-0.03041001595556736,0.19582024216651917,0.7270902991294861,-0.01745309680700302,0.14314690232276917,0.6859331130981445,-0.026098869740962982,0.1101357638835907,0.6642905473709106,-0.033528853207826614,0.08271900564432144,0.651864767074585,-0.03903699293732643,0.19604161381721497,0.754234790802002,-0.02888329140841961,0.15888157486915588,0.723212718963623,-0.0367705337703228,0.13357968628406525,0.7018035650253296,-0.04110724851489067,0.11180464923381805,0.6856786012649536,-0.0445404015481472
0.5230827331542969,0.503616213798523,-0.7567799091339111,0.5396015644073486,0.4389585554599762,-0.710073709487915,0.5527704954147339,0.43672600388526917,-0.7103095650672913,0.5670614242553711,0.435085266828537,-0.7101889252662659,0.49412256479263306,0.4467739462852478,-0.7012320160865784,0.4777844548225403,0.45052364468574524,-0.701170027256012,0.46311551332473755,0.45639854669570923,-0.7013423442840576,0.5933648347854614,0.4725346565246582,-0.3640804588794708,0.4446167051792145,0.4999004900455475,-0.3392656743526459,0.5530528426170349,0.5766502618789673,-0.6381816267967224,0.49680301547050476,0.584253191947937,-0.6213223934173584,0.7086746096611023,0.814826488494873,-0.1744338721036911,0.366548627614975,0.8028772473335266,-0.1590196043252945,0.8204378485679626,1.0995577573776245,-0.6985498070716858,0.23927944898605347,1.060054063796997,-0.6941494345664978,0.8481494188308716,0.8284862637519836,-1.3745547533035278,0.21715092658996582,0.7988539338111877,-1.4916173219680786,0.8926842212677002,0.7646730542182922,-1.4852768182754517,0.17107956111431122,0.7312086820602417,-1.622219443321228,0.8881710171699524,0.7230871319770813,-1.456715703010559,0.17996039986610413,0.719993531703949,-1.5886129140853882,0.861118495464325,0.7605893611907959,-1.3850305080413818,0.21167601644992828,0.7606414556503296,-1.5085227489471436,0.642327070236206,1.6274594068527222,-0.04281239211559296,0.4169635772705078,1.6317540407180786,0.0466877743601799,0.6568010449409485,2.274507761001587,-0.17631033062934875,0.4409277141094208,2.281548023223877,-0.12244520336389542,0.6697816252708435,2.880336046218872,0.0676601231098175,0.4607506990432739,2.8869218826293945,-0.044472381472587585,0.6758471727371216,2.9693591594696045,0.06520046293735504,0.4630039930343628,2.97758150100708,-0.055386144667863846,0.637589156627655,3.068166971206665,-0.38019922375679016,0.4899508059024811,3.072148323059082,-0.5165911912918091,0.29617974162101746,0.7886820435523987,1.3857858505161857e-07,0.2782818078994751,0.7379245162010193,0.009513024240732193,0.24654027819633484,0.7111592292785645,0.012334132567048073,0.22822105884552002,0.6985215544700623,0.010613244958221912,0.21418902277946472,0.6865639686584473,0.0077369315549731255,0.1980322152376175,0.6935945749282837,0.013050909154117107,0.15283791720867157,0.6596550345420837,0.0068151201121509075,0.12133504450321198,0.6397177577018738,0.0006046528578735888,0.09402889758348465,0.6272913217544556,-0.004378644749522209,0.19185185432434082,0.6996917128562927,0.00015888189955148846,0.1401604264974594,0.6607300639152527,-0.004648947156965733,0.10778313130140305,0.6394026279449463,-0.011142506264150143,0.0798955038189888,0.6228177547454834,-0.016913948580622673,0.1889098882675171,0.7193115949630737,-0.013527559116482735,0.13776345551013947,0.6846657991409302,-0.018744882196187973,0.10572297871112823,0.6659151315689087,-0.026180002838373184,0.07972370833158493,0.6524097919464111,-0.03234387934207916,0.18800006806850433,0.7523084282875061,-0.026765309274196625,0.14668698608875275,0.7363314628601074,-0.03124381974339485,0.11984729766845703,0.7220824360847473,-0.03453117609024048,0.09661222249269485,0.7088059186935425,-0.037890657782554626
0.5230006575584412,0.4988970160484314,-0.8392402529716492,0.5401817560195923,0.43101269006729126,-0.7941141128540039,0.5533663630485535,0.4279302656650543,-0.7943829894065857,0.5674960017204285,0.4251180589199066,-0.7941417694091797,0.494243323802948,0.4420851767063141,-0.7783706188201904,0.47802454233169556,0.4468781054019928,-0.7783137559890747,0.46337053179740906,0.4535476565361023,-0.7785923480987549,0.5948628187179565,0.46113207936286926,-0.4434394836425781,0.44621044397354126,0.49635574221611023,-0.3663906753063202,0.5546141266822815,0.5692906975746155,-0.710026741027832,0.4977327585220337,0.5805095434188843,-0.6872411966323853,0.7154165506362915,0.8148870468139648,-0.22295647859573364,0.3694102466106415,0.7999711036682129,-0.15818601846694946,0.8283490538597107,1.1317347288131714,-0.70160311460495,0.23153138160705566,1.123518705368042,-0.6449449062347412,0.8723973035812378,0.8486191034317017,-1.4135454893112183,0.20491982996463776,0.8026745319366455,-1.5145058631896973,0.9171874523162842,0.7848008275032043,-1.5341148376464844,0.1427871733903885,0.73499995470047,-1.6591198444366455,0.9112194776535034,0.7364547252655029,-1.520833969116211,0.15341438353061676,0.7244265675544739,-1.6357576847076416,0.8823909163475037,0.7786451578140259,-1.433898687362671,0.19330312311649323,0.7656440138816833,-1.5367499589920044,0.6439489722251892,1.6388540267944336,-0.055563099682331085,0.4158147871494293,1.6355558633804321,0.05956327170133591,0.6544920802116394,2.3018245697021484,-0.025988249108195305,0.43814945220947266,2.2983129024505615,0.06373412162065506,0.6675274968147278,2.8976738452911377,0.4640224874019623,0.4587549567222595,2.892745018005371,0.4103792905807495,0.674468457698822,2.988903284072876,0.4821522831916809,0.4600316286087036,2.981180191040039,0.42976078391075134,0.6338428854942322,3.0849609375,-0.01635689102113247,0.48771408200263977,3.086779832839966,-0.09332644194364548,0.2621842324733734,0.812820553779602,2.729728407757648e-07,0.2442684918642044,0.7559581398963928,0.011168966069817543,0.21481703221797943,0.7306913733482361,0.015379870310425758,0.19814154505729675,0.7163262367248535,0.014565464109182358,0.18314392864704132,0.7059789299964905,0.0125576788559556,0.14988690614700317,0.721045970916748,0.019176609814167023,0.10507790744304657,0.6874920725822449,0.014552784152328968,0.07188232988119125,0.6682442426681519,0.0071042124181985855,0.040781136602163315,0.6560725569725037,0.0010059914784505963,0.14347872138023376,0.7288021445274353,0.0055603403598070145,0.0919693112373352,0.6945399641990662,0.004160275682806969,0.056116651743650436,0.6777631044387817,-0.003000975353643298,0.02470417693257332,0.6623221635818481,-0.009854371659457684,0.14055940508842468,0.748477041721344,-0.00881925504654646,0.08874045312404633,0.7194980382919312,-0.010478266514837742,0.05320263281464577,0.7050111889839172,-0.018455835059285164,0.023767700418829918,0.6949886679649353,-0.025449467822909355,0.1421184241771698,0.7802414298057556,-0.022894354537129402,0.10008242726325989,0.766875147819519,-0.023691952228546143,0.07227613031864166,0.7552122473716736,-0.025393826887011528,0.04853878915309906,0.7446561455726624,-0.027758006006479263
0.5243241786956787,0.4952172040939331,-0.8235157132148743,0.5423017740249634,0.42570996284484863,-0.7756843566894531,0.5555182695388794,0.4227865934371948,-0.7759180665016174,0.5696735978126526,0.4201095402240753,-0.7755683064460754,0.49558278918266296,0.436968058347702,-0.766831636428833,0.4795369803905487,0.4420218765735626,-0.7667542099952698,0.4648574888706207,0.4489336609840393,-0.7669795751571655,0.5967845916748047,0.4559752941131592,-0.4220862090587616,0.44866663217544556,0.4906705617904663,-0.37400755286216736,0.5564293265342712,0.5653645992279053,-0.6920582056045532,0.49943774938583374,0.5764932036399841,-0.6792335510253906,0.7130419015884399,0.811458170413971,-0.2008478045463562,0.37034350633621216,0.7995592355728149,-0.15857870876789093,0.8238473534584045,1.1400412321090698,-0.6660627126693726,0.22893261909484863,1.1586576700210571,-0.6416555047035217,0.8656786680221558,0.8456628322601318,-1.4020752906799316,0.19330230355262756,0.8358107805252075,-1.5649034976959229,0.9154864549636841,0.7803314328193665,-1.530794620513916,0.1276291161775589,0.7732676267623901,-1.7185356616973877,0.9102486371994019,0.7253589034080505,-1.519856572151184,0.14250445365905762,0.7423067688941956,-1.7041057348251343,0.8809452056884766,0.7711285948753357,-1.4230599403381348,0.17509011924266815,0.776991069316864,-1.591372013092041,0.6428700685501099,1.636838436126709,-0.052226319909095764,0.4152487516403198,1.6321961879730225,0.05629999563097954,0.6515993475914001,2.3015315532684326,-0.03563542291522026,0.430512011051178,2.2981154918670654,0.01657957211136818,0.6592997908592224,2.898090124130249,0.3949674963951111,0.4471188187599182,2.8940398693084717,0.2817870080471039,0.6663258075714111,2.9884161949157715,0.4074360728263855,0.4477218687534332,2.9810101985931396,0.29181531071662903,0.6255010962486267,3.0834109783172607,-0.07585489749908447,0.47489649057388306,3.0895352363586426,-0.21924786269664764,0.2456851452589035,0.8223035335540771,2.5328665742563317e-07,0.23265309631824493,0.7686225771903992,0.008425021544098854,0.20059499144554138,0.7406250238418579,0.01014519203454256,0.18296769261360168,0.723221480846405,0.007402807008475065,0.1704729050397873,0.7099151015281677,0.00269124167971313,0.12925933301448822,0.7327182292938232,0.01047059427946806,0.07585141062736511,0.6984100341796875,0.0021086616907268763,0.037327732890844345,0.6782705783843994,-0.007130082696676254,0.003581624012440443,0.6671063303947449,-0.01451901812106371,0.12417779117822647,0.7447086572647095,-0.003635619068518281,0.0633508712053299,0.7098201513290405,-0.010009150952100754,0.021642334759235382,0.6912405490875244,-0.020296918228268623,-0.014397356659173965,0.6770844459533691,-0.02898901142179966,0.12491922825574875,0.768714427947998,-0.01820412650704384,0.06529057025909424,0.7370116114616394,-0.02474687434732914,0.027079442515969276,0.7199403047561646,-0.034638747572898865,-0.005150844808667898,0.7102800607681274,-0.04272076115012169,0.13112656772136688,0.803533136844635,-0.03236210346221924,0.08634679019451141,0.7857853770256042,-0.03836821764707565,0.057310715317726135,0.771499752998352,-0.04218831658363342,0.0310107059776783,0.7592644691467285,-0.045816678553819656
0.5238401293754578,0.494869202375412,-0.7744737863540649,0.5427477955818176,0.42519065737724304,-0.7336107492446899,0.5559276342391968,0.42278730869293213,-0.7336633205413818,0.569728434085846,0.42059439420700073,-0.7332857251167297,0.4957667291164398,0.43498367071151733,-0.7292373776435852,0.4797031581401825,0.4395558834075928,-0.7290614247322083,0.46497589349746704,0.445827454328537,-0.7291311621665955,0.5974570512771606,0.4566999673843384,-0.4061870872974396,0.4492237865924835,0.48494747281074524,-0.37023574113845825,0.5556284189224243,0.5656372904777527,-0.649214506149292,0.49886447191238403,0.5759137272834778,-0.642501711845398,0.7116690278053284,0.8109374642372131,-0.18802909553050995,0.37092605233192444,0.7937354445457458,-0.15759553015232086,0.8450487852096558,1.100667119026184,-0.6300255656242371,0.2377202957868576,0.9084614515304565,-0.6023683547973633,0.8771786093711853,0.8439303636550903,-1.2880141735076904,0.18648815155029297,0.824873149394989,-1.297133207321167,0.9250245690345764,0.7765309810638428,-1.395439624786377,0.12974315881729126,0.7536606788635254,-1.4117950201034546,0.9195298552513123,0.7201036214828491,-1.3721141815185547,0.14416451752185822,0.737106204032898,-1.3800557851791382,0.8900336027145386,0.7670608162879944,-1.3044770956039429,0.17584483325481415,0.7772723436355591,-1.312364935874939,0.6442429423332214,1.6312631368637085,-0.051804039627313614,0.41495269536972046,1.625841736793518,0.05586858093738556,0.6509925723075867,2.301297903060913,-0.031405009329319,0.4331795871257782,2.2978317737579346,0.0327102430164814,0.6603056788444519,2.893805503845215,0.3754517734050751,0.446628600358963,2.890923500061035,0.27455660700798035,0.6675369739532471,2.981865882873535,0.38857200741767883,0.44706541299819946,2.977078437805176,0.28287509083747864,0.6247146129608154,3.0827038288116455,-0.06259797513484955,0.47409167885780334,3.0890965461730957,-0.2008380889892578,0.2915070950984955,0.8232027888298035,3.4442138030499336e-08,0.2699300944805145,0.7659689784049988,0.0064414930529892445,0.23225224018096924,0.7357092499732971,0.007985486648976803,0.20886880159378052,0.7178347706794739,0.005132904276251793,0.19325466454029083,0.6977503299713135,0.0010989594738930464,0.17792537808418274,0.7202826142311096,0.009756507351994514,0.12684187293052673,0.6864590048789978,-0.0001541237288620323,0.09335576742887497,0.6635584235191345,-0.00950569100677967,0.06539914757013321,0.6475580930709839,-0.01683965139091015,0.17285500466823578,0.7287269830703735,-0.003919699229300022,0.11663705855607986,0.6843973994255066,-0.0125593151897192,0.08188765496015549,0.6588510870933533,-0.022481298074126244,0.05141209065914154,0.640475332736969,-0.030413202941417694,0.1729395091533661,0.7497896552085876,-0.018742196261882782,0.11750498414039612,0.7142553925514221,-0.027460681274533272,0.08385802805423737,0.694374144077301,-0.03655107319355011,0.055933114141225815,0.680331289768219,-0.04365018382668495,0.1771114617586136,0.7829688787460327,-0.03347469121217728,0.13571646809577942,0.765553891658783,-0.040419649332761765,0.1099104955792427,0.749590277671814,-0.04420408606529236,0.08831856399774551,0.7354912161827087,-0.04791423678398132
0.5229528546333313,0.4953249394893646,-0.8048895001411438,0.5425965785980225,0.42546871304512024,-0.7660901546478271,0.5554997324943542,0.4233788251876831,-0.7663009166717529,0.5694076418876648,0.421533465385437,-0.7660130262374878,0.49467119574546814,0.43326184153556824,-0.7533961534500122,0.4784022867679596,0.4367334842681885,-0.7532328367233276,0.4643259048461914,0.4411691129207611,-0.7534446716308594,0.5969004034996033,0.4568122625350952,-0.43025821447372437,0.4482116401195526,0.4768052399158478,-0.36547136306762695,0.554673969745636,0.5659391283988953,-0.6763523817062378,0.49703657627105713,0.5755154490470886,-0.6584181189537048,0.7102997899055481,0.8110213279724121,-0.1901169717311859,0.37034934759140015,0.7920107841491699,-0.15633200109004974,0.8380715250968933,1.1070817708969116,-0.5690263509750366,0.2565830647945404,0.9114314913749695,-0.5222691297531128,0.893701434135437,0.8631334900856018,-1.1574933528900146,0.1868814378976822,0.8195840120315552,-1.195799469947815,0.9346627593040466,0.8227140307426453,-1.2434197664260864,0.13092003762722015,0.7401584982872009,-1.2993720769882202,0.9259803295135498,0.7835254669189453,-1.24335777759552,0.1445639431476593,0.7285017967224121,-1.2788325548171997,0.8985918164253235,0.798029899597168,-1.179437518119812,0.17614291608333588,0.7732270956039429,-1.2134735584259033,0.6421215534210205,1.6364432573318481,-0.05398254469037056,0.4036579430103302,1.6267411708831787,0.05801583081483841,0.6425228118896484,2.3039255142211914,0.018831606954336166,0.42042893171310425,2.2968533039093018,0.062433719635009766,0.6467632055282593,2.8931636810302734,0.5018654465675354,0.4251427948474884,2.8906428813934326,0.40923717617988586,0.6530159115791321,2.981029748916626,0.5210245251655579,0.42412373423576355,2.9761545658111572,0.42987358570098877,0.6119008660316467,3.0832793712615967,0.04291915148496628,0.45436975359916687,3.087106704711914,-0.08398120105266571,0.30052152276039124,0.8225939869880676,1.2381823921714386e-07,0.2812977433204651,0.7585302591323853,0.005123598035424948,0.24883738160133362,0.724059522151947,0.005812196526676416,0.22787749767303467,0.70936119556427,0.0020629933569580317,0.2121059149503708,0.6961110830307007,-0.002755847992375493,0.19371147453784943,0.7025457620620728,0.012288298457860947,0.1447128802537918,0.6658313870429993,0.002654374809935689,0.1107482984662056,0.6422314643859863,-0.0068926140666007996,0.0808134600520134,0.6255791187286377,-0.014278162270784378,0.186942920088768,0.7126638293266296,-0.00021559730521403253,0.13279575109481812,0.6679020524024963,-0.00864748377352953,0.0986880287528038,0.6416712403297424,-0.018791349604725838,0.06765952706336975,0.6202704906463623,-0.02686990052461624,0.18390944600105286,0.7350738048553467,-0.014241278171539307,0.13015951216220856,0.6943855285644531,-0.02252030372619629,0.09620267152786255,0.6698939800262451,-0.03179410472512245,0.06768176704645157,0.6524564623832703,-0.03877462446689606,0.18388524651527405,0.7703210115432739,-0.02838854305446148,0.1417272835969925,0.7461109161376953,-0.03435340151190758,0.11466275155544281,0.7274665832519531,-0.03816473111510277,0.09085468202829361,0.7117084264755249,-0.041798900812864304
0.5228638052940369,0.4939447045326233,-0.7462766170501709,0.5422249436378479,0.4229907989501953,-0.7055478692054749,0.5554363131523132,0.42169857025146484,-0.7056378126144409,0.5690358281135559,0.42041024565696716,-0.7052563428878784,0.49371543526649475,0.42840376496315,-0.695717990398407,0.47703027725219727,0.4309080243110657,-0.6953998804092407,0.46368664503097534,0.4345235228538513,-0.6956131458282471,0.5967385768890381,0.45572635531425476,-0.391994446516037,0.44707852602005005,0.47139033675193787,-0.3323555290699005,0.5541532635688782,0.5656486749649048,-0.6277239322662354,0.4949404299259186,0.5729705095291138,-0.6120010614395142,0.7093785405158997,0.8095663785934448,-0.17995402216911316,0.36465975642204285,0.7925099730491638,-0.14242976903915405,0.840298056602478,1.1228684186935425,-0.5872406363487244,0.20830532908439636,1.1110758781433105,-0.5482843518257141,0.8866966366767883,0.8629952073097229,-1.208453893661499,0.16326525807380676,0.8324242234230042,-1.3838382959365845,0.931648313999176,0.8048145174980164,-1.299322247505188,0.10740578174591064,0.7610741257667542,-1.5104174613952637,0.9240996241569519,0.7545620799064636,-1.252573847770691,0.12860578298568726,0.7366853952407837,-1.480135202407837,0.895060658454895,0.7923009991645813,-1.2190262079238892,0.15203848481178284,0.7786506414413452,-1.4036922454833984,0.6443536877632141,1.6366562843322754,-0.05366711691021919,0.4037770628929138,1.6296586990356445,0.057661570608615875,0.6434582471847534,2.3072009086608887,-0.005537690594792366,0.41761884093284607,2.3064167499542236,0.04666180908679962,0.648406982421875,2.9031054973602295,0.38815993070602417,0.4255916476249695,2.8946902751922607,0.29810354113578796,0.655820906162262,2.993525981903076,0.39978843927383423,0.4246464669704437,2.978433847427368,0.3080684244632721,0.6137840747833252,3.0878634452819824,-0.06923732906579971,0.4550548791885376,3.091642141342163,-0.18745622038841248,0.25683727860450745,0.841740071773529,3.0705351150572824e-07,0.23649773001670837,0.7674098014831543,0.0073547204956412315,0.20381882786750793,0.7368636727333069,0.010412465780973434,0.18380868434906006,0.7217625379562378,0.007925732992589474,0.1705351322889328,0.7122797966003418,0.004122461657971144,0.12962865829467773,0.7363439202308655,0.02128133550286293,0.08346331864595413,0.7082666158676147,0.013727729208767414,0.04905252158641815,0.6866443157196045,0.0024959088768810034,0.015048027038574219,0.6692822575569153,-0.006940837483853102,0.12238454818725586,0.7497194409370422,0.006704343482851982,0.07015722244977951,0.7182239294052124,0.0012237421469762921,0.0333884134888649,0.6947855949401855,-0.011044414713978767,0.0005226046196185052,0.6710895299911499,-0.02105146460235119,0.12103896588087082,0.7724579572677612,-0.009405943565070629,0.06884352117776871,0.7451679706573486,-0.01630270667374134,0.03039993904531002,0.7250190377235413,-0.028089892119169235,-0.0034571613650768995,0.706668496131897,-0.03683917224407196,0.12794750928878784,0.8039155602455139,-0.02568143792450428,0.08329935371875763,0.7907914519309998,-0.031466294080019,0.053550947457551956,0.7774278521537781,-0.03553234040737152,0.027690935879945755,0.7620953917503357,-0.03884146362543106
0.5213674306869507,0.4940793216228485,-0.7576729655265808,0.5421572923660278,0.4234986901283264,-0.7188766002655029,0.5552067160606384,0.42217034101486206,-0.7189385890960693,0.5688747763633728,0.4209936857223511,-0.7185434103012085,0.4927348792552948,0.4291887879371643,-0.70726478099823,0.47614991664886475,0.4317858815193176,-0.7069055438041687,0.4634324312210083,0.43540433049201965,-0.7070876955986023,0.5964533686637878,0.45575690269470215,-0.3951044976711273,0.446929007768631,0.4707423448562622,-0.33339640498161316,0.5532084107398987,0.5659255981445312,-0.635607898235321,0.4921821355819702,0.5731381773948669,-0.6178761124610901,0.7091141939163208,0.8066930174827576,-0.17779383063316345,0.36498263478279114,0.7909997701644897,-0.14173845946788788,0.8382929563522339,1.1246330738067627,-0.5888433456420898,0.2082797735929489,1.1203324794769287,-0.6047245264053345,0.885552167892456,0.8639987707138062,-1.2372653484344482,0.157333642244339,0.8316235542297363,-1.5113370418548584,0.9363304972648621,0.7953876852989197,-1.34625244140625,0.09653341770172119,0.7604218125343323,-1.656337022781372,0.9280439615249634,0.7369414567947388,-1.3177430629730225,0.11862142384052277,0.7371667623519897,-1.636602520942688,0.8963296413421631,0.7815991044044495,-1.2524712085723877,0.14524687826633453,0.7786856889724731,-1.5367019176483154,0.6446980237960815,1.629364252090454,-0.053604528307914734,0.4041052758693695,1.6252027750015259,0.05771027132868767,0.6475661396980286,2.3041586875915527,-0.0333266519010067,0.4195881485939026,2.304889678955078,0.06854215264320374,0.6561801433563232,2.900871992111206,0.3949844539165497,0.43010249733924866,2.8940930366516113,0.35258808732032776,0.6646713614463806,2.990274429321289,0.4108053743839264,0.42928382754325867,2.97834849357605,0.3673858344554901,0.621606171131134,3.0855462551116943,-0.06416124850511551,0.4577040672302246,3.090343713760376,-0.13571427762508392,0.2704002857208252,0.8388500809669495,9.517238908074432e-08,0.25364434719085693,0.7768691778182983,0.007310410495847464,0.2189161777496338,0.7456904649734497,0.009985171258449554,0.19801177084445953,0.7321752309799194,0.007706379983574152,0.18686582148075104,0.7158695459365845,0.003916573710739613,0.15054024755954742,0.7360785603523254,0.015422451309859753,0.10131311416625977,0.7022805213928223,0.008438151329755783,0.06909265369176865,0.6800994873046875,0.0004412157868500799,0.040533360093832016,0.6648640632629395,-0.006475592032074928,0.14386995136737823,0.7484225630760193,0.001805681735277176,0.08794184774160385,0.70781010389328,-0.004286566283553839,0.05384792014956474,0.6839289665222168,-0.013715095818042755,0.023431168869137764,0.6659833192825317,-0.021763650700449944,0.14289727807044983,0.770512580871582,-0.013117014430463314,0.08745775371789932,0.737562894821167,-0.019854657351970673,0.053782060742378235,0.7164598703384399,-0.028922785073518753,0.02546139806509018,0.701805055141449,-0.03624410927295685,0.14677488803863525,0.8023826479911804,-0.028084950521588326,0.10195492208003998,0.7872794270515442,-0.03332500904798508,0.07394745945930481,0.7725983262062073,-0.03700992092490196,0.049368444830179214,0.7595013976097107,-0.04096454754471779
0.5179651975631714,0.494284451007843,-0.7696071267127991,0.5402384996414185,0.42403578758239746,-0.7332028746604919,0.554686963558197,0.42269542813301086,-0.7332782745361328,0.567940354347229,0.4215646982192993,-0.7329117655754089,0.48880618810653687,0.42968079447746277,-0.7211294770240784,0.47261756658554077,0.43221256136894226,-0.7209405303001404,0.4605974555015564,0.43570613861083984,-0.7211459875106812,0.5963951945304871,0.4558742940425873,-0.4084826707839966,0.4448430836200714,0.4697874188423157,-0.3444155752658844,0.5506685972213745,0.5661500096321106,-0.6454426050186157,0.48763763904571533,0.57326740026474,-0.6272050142288208,0.7086951732635498,0.8040130734443665,-0.17462320625782013,0.36542409658432007,0.7887362837791443,-0.1604500710964203,0.8437201380729675,1.0847617387771606,-0.5366544127464294,0.2462436407804489,0.9886851906776428,-0.6442242860794067,0.9114435315132141,0.8488317131996155,-1.1213223934173584,0.16144119203090668,0.8286435604095459,-1.5072922706604004,0.959254264831543,0.7806268334388733,-1.2151323556900024,0.10076224058866501,0.7548239827156067,-1.646931529045105,0.9489877820014954,0.7168612480163574,-1.206501841545105,0.11788756400346756,0.7344817519187927,-1.6298145055770874,0.9148811101913452,0.7677614092826843,-1.1418540477752686,0.14761938154697418,0.7763515114784241,-1.5319865942001343,0.6443861126899719,1.6287586688995361,-0.05327471345663071,0.40433937311172485,1.6240688562393188,0.057329025119543076,0.6477230191230774,2.3018763065338135,-0.016190005466341972,0.42198288440704346,2.3038337230682373,0.06505510210990906,0.6578677296638489,2.8952598571777344,0.42709630727767944,0.4318724572658539,2.8915700912475586,0.34603822231292725,0.6658946871757507,2.984107255935669,0.44357410073280334,0.43163445591926575,2.9761927127838135,0.3600502610206604,0.6233370900154114,3.0809459686279297,-0.010070191696286201,0.4584132134914398,3.087648630142212,-0.12433149665594101,0.27342063188552856,0.8349734544754028,1.685593815636821e-07,0.2591927945613861,0.7699406743049622,0.0038922405801713467,0.22548092901706696,0.7364818453788757,0.004576295148581266,0.20457282662391663,0.721442461013794,0.0010775624541565776,0.1922876238822937,0.7020622491836548,-0.0035685866605490446,0.1571456342935562,0.7230140566825867,0.010289539583027363,0.10870371013879776,0.6844475865364075,0.00143578986171633,0.07620450854301453,0.6590065360069275,-0.007546636275947094,0.04716254025697708,0.6416748762130737,-0.014780545607209206,0.14962051808834076,0.7373126745223999,-0.0020192828960716724,0.09476941078901291,0.6902715563774109,-0.009175370447337627,0.060431793332099915,0.6620664000511169,-0.018275778740644455,0.029636075720191002,0.6401837468147278,-0.025752535089850426,0.14838038384914398,0.7615044713020325,-0.01587776467204094,0.09320605546236038,0.7227658033370972,-0.023314548656344414,0.05896896868944168,0.6989818215370178,-0.03194986283779144,0.02991543710231781,0.6813794374465942,-0.03872367739677429,0.1527361273765564,0.7957898378372192,-0.0300730150192976,0.10838253796100616,0.7762885689735413,-0.035848960280418396,0.08068068325519562,0.7584102749824524,-0.03930727764964104,0.05604146048426628,0.7419100999832153,-0.042792193591594696
0.5155654549598694,0.49512192606925964,-0.7887006402015686,0.5386568307876587,0.42444929480552673,-0.7520800828933716,0.5540717840194702,0.42308807373046875,-0.7522134184837341,0.5669137239456177,0.4219907820224762,-0.7518033981323242,0.4867440164089203,0.4299997389316559,-0.738089382648468,0.47085145115852356,0.43256834149360657,-0.7378679513931274,0.45931294560432434,0.43615859746932983,-0.7380592823028564,0.5960095524787903,0.4558960497379303,-0.4266361594200134,0.4436592757701874,0.46989086270332336,-0.35332342982292175,0.5489769577980042,0.5664412975311279,-0.6649354696273804,0.485150545835495,0.5735280513763428,-0.6439456939697266,0.7085273861885071,0.8011634945869446,-0.1937076598405838,0.3654308021068573,0.7891365885734558,-0.15896989405155182,0.8413933515548706,1.0916193723678589,-0.6137579083442688,0.2389587014913559,1.1201400756835938,-0.6606067419052124,0.9018961787223816,0.8464354872703552,-1.2671319246292114,0.1618897169828415,0.8402681946754456,-1.6132996082305908,0.9503514766693115,0.7729238867759705,-1.3836195468902588,0.10346131771802902,0.7604330778121948,-1.7703323364257812,0.9420433640480042,0.7117016315460205,-1.3646713495254517,0.11943546682596207,0.7379201054573059,-1.756453275680542,0.9085935354232788,0.7636638283729553,-1.2843488454818726,0.1504809707403183,0.7780928015708923,-1.6424444913864136,0.6450949907302856,1.6272087097167969,-0.05522455275058746,0.4050409495830536,1.6223329305648804,0.05940782278776169,0.6474878191947937,2.3011128902435303,-0.02928747795522213,0.4219874143600464,2.3028600215911865,0.055894531309604645,0.6572200059890747,2.894834041595459,0.3963035047054291,0.4312753677368164,2.8916175365448,0.3260510265827179,0.6652843952178955,2.9839587211608887,0.41035065054893494,0.4309283196926117,2.976529598236084,0.33865678310394287,0.6223921179771423,3.080331325531006,-0.05599208176136017,0.4570697844028473,3.0875444412231445,-0.15845564007759094,0.26771724224090576,0.843560516834259,1.6725992679766932e-07,0.2548697590827942,0.7773394584655762,0.005722699221223593,0.2165002077817917,0.7437974214553833,0.008557473309338093,0.19328735768795013,0.7280389666557312,0.007127109915018082,0.18265388906002045,0.7080044150352478,0.004389793146401644,0.1477431207895279,0.7344609498977661,0.012251497246325016,0.09824396669864655,0.6961241960525513,0.004749855492264032,0.06684083491563797,0.6686727404594421,-0.0033389918971806765,0.03977289795875549,0.6479691863059998,-0.010152685455977917,0.14146894216537476,0.7504125237464905,-0.0005032985936850309,0.08548755198717117,0.7081864476203918,-0.007139192894101143,0.05068984627723694,0.679131031036377,-0.016393600031733513,0.020391352474689484,0.6550883054733276,-0.024011986330151558,0.14124391973018646,0.7748016715049744,-0.014600971713662148,0.08506617695093155,0.74002605676651,-0.022243577986955643,0.05057799071073532,0.7152197957038879,-0.0314115509390831,0.021193232387304306,0.6963114738464355,-0.03852933272719383,0.14660480618476868,0.808006763458252,-0.028765439987182617,0.10138752311468124,0.7896751165390015,-0.03613359481096268,0.07241109013557434,0.7706491351127625,-0.040771812200546265,0.045920997858047485,0.7523953318595886,-0.04486476629972458
0.5137733817100525,0.4966394603252411,-0.7855771780014038,0.5374911427497864,0.4245438575744629,-0.7494898438453674,0.5536189675331116,0.4233494699001312,-0.7497057318687439,0.5664241909980774,0.4223019778728485,-0.7494128942489624,0.4855794608592987,0.4308258295059204,-0.7341187000274658,0.47007834911346436,0.43335872888565063,-0.7339145541191101,0.45846375823020935,0.43673062324523926,-0.7341092824935913,0.5958134531974792,0.4560999870300293,-0.44608908891677856,0.44335106015205383,0.4702948331832886,-0.35040444135665894,0.5477981567382812,0.5688599348068237,-0.6613020300865173,0.48443737626075745,0.575477659702301,-0.6405191421508789,0.7103155851364136,0.8057781457901001,-0.2403814047574997,0.36791056394577026,0.7875361442565918,-0.07953020930290222,0.8398916721343994,1.102109670639038,-0.6292129755020142,0.2557399272918701,0.9262623190879822,-0.08963791280984879,0.8973056077957153,0.8685013651847839,-1.2799465656280518,0.1639404594898224,0.8323214650154114,-0.465331107378006,0.9485480785369873,0.852752149105072,-1.3809903860092163,0.11605887115001678,0.7575509548187256,-0.5149331092834473,0.9394163489341736,0.7962449789047241,-1.3774583339691162,0.12297675758600235,0.7364290952682495,-0.5145204663276672,0.9063482284545898,0.8055346608161926,-1.3013805150985718,0.15136080980300903,0.7775901556015015,-0.4821959137916565,0.6427305340766907,1.6339725255966187,-0.08178935945034027,0.40028688311576843,1.6232329607009888,0.08574698865413666,0.6388219594955444,2.3033530712127686,-0.03673512116074562,0.4148722290992737,2.301360845565796,0.0992884635925293,0.6399221420288086,2.8945024013519287,0.4317130148410797,0.41697975993156433,2.8889806270599365,0.4296017587184906,0.6471520662307739,2.983497142791748,0.45182421803474426,0.41641324758529663,2.971987009048462,0.44866588711738586,0.6051355600357056,3.0810751914978027,-0.024935802444815636,0.4431689381599426,3.0869767665863037,-0.06271695345640182,0.27903813123703003,0.8599276542663574,8.70108962658378e-08,0.26302412152290344,0.7885907888412476,0.008556217886507511,0.2285643219947815,0.7547280192375183,0.012329830788075924,0.2055816501379013,0.7397280931472778,0.010854639112949371,0.19228839874267578,0.7187308669090271,0.008033843711018562,0.168726846575737,0.7306065559387207,0.019632676616311073,0.1253015697002411,0.687734842300415,0.01229960098862648,0.0955122783780098,0.6588793992996216,0.0035783909261226654,0.06908155977725983,0.6366215944290161,-0.0038855860475450754,0.16197912395000458,0.7417734861373901,0.005512748844921589,0.11244780570268631,0.6881215572357178,-0.0012528867227956653,0.08173000812530518,0.654854953289032,-0.010719145648181438,0.0533837229013443,0.627023458480835,-0.01857435144484043,0.15989868342876434,0.7639398574829102,-0.010315033607184887,0.10948140919208527,0.7147034406661987,-0.01774430088698864,0.07947790622711182,0.6820958256721497,-0.02565896511077881,0.053045570850372314,0.6563859581947327,-0.03206377848982811,0.16159915924072266,0.7966211438179016,-0.026197612285614014,0.12253027409315109,0.7645636200904846,-0.03212414309382439,0.09797899425029755,0.7376675009727478,-0.03529633954167366,0.0754312053322792,0.7118104696273804,-0.038775257766246796
0.5133519768714905,0.49687013030052185,-0.8441219925880432,0.5374385714530945,0.42484650015830994,-0.809062659740448,0.5534997582435608,0.42359572649002075,-0.809226393699646,0.5662587881088257,0.4225696623325348,-0.8088800311088562,0.4855727255344391,0.4311809539794922,-0.787814199924469,0.4700782597064972,0.43373245000839233,-0.7875836491584778,0.45852428674697876,0.437107115983963,-0.7877543568611145,0.5957632064819336,0.45627477765083313,-0.4887315630912781,0.4435688853263855,0.47011706233024597,-0.37940558791160583,0.5476743578910828,0.5692060589790344,-0.7207501530647278,0.4842110276222229,0.575556218624115,-0.6910678148269653,0.7099522948265076,0.8058381080627441,-0.2618454098701477,0.36774688959121704,0.789095938205719,-0.10108812898397446,0.8391202092170715,1.1238625049591064,-0.7105627059936523,0.25361114740371704,0.9521926045417786,-0.2702685296535492,0.8940674662590027,0.8682690858840942,-1.3871325254440308,0.15364353358745575,0.8405720591545105,-1.1806145906448364,0.9446526765823364,0.8263093829154968,-1.4999988079071045,0.1110290065407753,0.7621844410896301,-1.2958016395568848,0.9373054504394531,0.7633554935455322,-1.480411171913147,0.11645708978176117,0.7401629686355591,-1.2777704000473022,0.9041063189506531,0.7970594763755798,-1.4035027027130127,0.14225992560386658,0.7806466817855835,-1.2061522006988525,0.642857015132904,1.634131669998169,-0.07810910046100616,0.40036603808403015,1.623436450958252,0.08222611248493195,0.6390572786331177,2.30603289604187,-0.04016726464033127,0.4149865210056305,2.30501389503479,0.09635662287473679,0.6406185626983643,2.8992362022399902,0.42437583208084106,0.4184810519218445,2.8933560848236084,0.41307735443115234,0.6477524638175964,2.9884226322174072,0.4429329037666321,0.41794857382774353,2.9765753746032715,0.4304059147834778,0.6058471202850342,3.085939884185791,-0.041124019771814346,0.4449506998062134,3.091440200805664,-0.0808502584695816,0.25122177600860596,0.8615359663963318,2.0012890900034108e-07,0.24115633964538574,0.794497549533844,0.008761790581047535,0.2088029831647873,0.7625809907913208,0.014569629915058613,0.1889694333076477,0.7470506429672241,0.015341031365096569,0.17425429821014404,0.73111492395401,0.01527470350265503,0.13739824295043945,0.751410961151123,0.026240138337016106,0.09664494544267654,0.7095479369163513,0.022537322714924812,0.06814536452293396,0.6817082166671753,0.015553583391010761,0.04199504479765892,0.6603596210479736,0.00920622143894434,0.13079796731472015,0.7587145566940308,0.01328758429735899,0.08408118039369583,0.7081559896469116,0.010867533273994923,0.05377887934446335,0.6778835654258728,0.0033041408751159906,0.02623566798865795,0.6522751450538635,-0.003765250789001584,0.12821638584136963,0.7769482731819153,-0.0017826913390308619,0.08141039311885834,0.7299874424934387,-0.005353053566068411,0.05254119634628296,0.701977550983429,-0.012610883451998234,0.026649901643395424,0.6809920072555542,-0.019161362200975418,0.12897051870822906,0.8037371635437012,-0.017156541347503662,0.09176738560199738,0.7718563675880432,-0.019835250452160835,0.06888353079557419,0.7467223405838013,-0.022092999890446663,0.04736277461051941,0.7229467034339905,-0.02536086179316044
0.5133548974990845,0.49885880947113037,-0.794218897819519,0.5374889969825745,0.4263331890106201,-0.7670703530311584,0.5537049770355225,0.4248420298099518,-0.7671640515327454,0.5662721395492554,0.42374658584594727,-0.76700359582901,0.48597386479377747,0.4322868585586548,-0.7439645528793335,0.47057369351387024,0.4345167279243469,-0.743520975112915,0.4591749608516693,0.43750903010368347,-0.7435377240180969,0.5962992310523987,0.4565439820289612,-0.4727535545825958,0.4445790946483612,0.4701957404613495,-0.35641559958457947,0.5476124286651611,0.5731674432754517,-0.6830363869667053,0.4845452904701233,0.5770387649536133,-0.648840606212616,0.7103750109672546,0.8088139295578003,-0.2477397322654724,0.3686898350715637,0.7893391847610474,-0.08488669991493225,0.8532615303993225,1.1189559698104858,-0.7083372473716736,0.2387983202934265,0.8787699341773987,-0.16882427036762238,0.8989986777305603,0.8727306723594666,-1.3447165489196777,0.15175345540046692,0.8214091658592224,-0.5309250950813293,0.9527272582054138,0.8294803500175476,-1.442649006843567,0.11170933395624161,0.7426296472549438,-0.567612886428833,0.9370660781860352,0.7726839780807495,-1.4221794605255127,0.1210271418094635,0.7369367480278015,-0.5478076934814453,0.9059518575668335,0.8058249950408936,-1.3579134941101074,0.144316166639328,0.7757288813591003,-0.5405555367469788,0.6428292393684387,1.6343369483947754,-0.08660242706537247,0.399520605802536,1.6230837106704712,0.0908823013305664,0.6380451321601868,2.307206630706787,-0.04380238801240921,0.41406822204589844,2.304381847381592,0.14029918611049652,0.640404999256134,2.899421215057373,0.4076944887638092,0.41804271936416626,2.893202781677246,0.4493449032306671,0.6480588316917419,2.9885919094085693,0.42477601766586304,0.41785144805908203,2.975562572479248,0.46641668677330017,0.6048058867454529,3.0873565673828125,-0.053328730165958405,0.4439508318901062,3.0924923419952393,-0.03224647417664528,0.27601590752601624,0.8609158992767334,6.847613320815071e-08,0.26324212551116943,0.7919047474861145,0.008389352820813656,0.23067156970500946,0.760759174823761,0.014621233567595482,0.21075186133384705,0.7451581954956055,0.015444129705429077,0.199877068400383,0.7303231954574585,0.01538307499140501,0.16499008238315582,0.7485237717628479,0.027483390644192696,0.12275941669940948,0.7122790813446045,0.022940007969737053,0.09368404746055603,0.6838055849075317,0.014579377137124538,0.06805150955915451,0.6607382297515869,0.007168720476329327,0.1575116515159607,0.7595351934432983,0.01428980752825737,0.11124931275844574,0.7137003540992737,0.010653359815478325,0.08131958544254303,0.6796367764472961,0.0013066434767097235,0.053905367851257324,0.6484596133232117,-0.006682271603494883,0.15490128099918365,0.7769675850868225,-0.0010506886756047606,0.10987316071987152,0.7323983311653137,-0.005102336406707764,0.08191687613725662,0.6996428370475769,-0.012273173779249191,0.057234328240156174,0.6717575788497925,-0.018224498257040977,0.15685120224952698,0.79923415184021,-0.016978155821561813,0.1201290562748909,0.7658455967903137,-0.018977753818035126,0.09759515523910522,0.7393476366996765,-0.02022990584373474,0.07773622125387192,0.7140020728111267,-0.022490590810775757
0.5120580196380615,0.5025202631950378,-0.7433507442474365,0.5368273854255676,0.430005818605423,-0.7179054617881775,0.5533573031425476,0.4286983907222748,-0.7180396914482117,0.5661276578903198,0.4279700815677643,-0.7178666591644287,0.48545143008232117,0.43476414680480957,-0.690301239490509,0.47023311257362366,0.4364686608314514,-0.6898935437202454,0.4589175879955292,0.4386879503726959,-0.6899310350418091,0.5962564945220947,0.45861154794692993,-0.45776134729385376,0.4445648193359375,0.4703487455844879,-0.30162760615348816,0.5461798906326294,0.5777444243431091,-0.638478696346283,0.48407071828842163,0.5797543525695801,-0.5973724722862244,0.7072537541389465,0.8087643980979919,-0.23912204802036285,0.3710360527038574,0.7883970141410828,-0.050344888120889664,0.8522614240646362,1.0708688497543335,-0.712689220905304,0.2523673474788666,0.8900446891784668,-0.03631371632218361,0.904208242893219,0.8729048371315002,-1.4378281831741333,0.14945515990257263,0.8062610626220703,-0.3385687470436096,0.9593265056610107,0.8350064754486084,-1.5509371757507324,0.11134253442287445,0.7248703837394714,-0.3842734098434448,0.9419713616371155,0.7830644845962524,-1.5529052019119263,0.11604097485542297,0.7083975672721863,-0.3931353688240051,0.9104766249656677,0.8121713995933533,-1.4655606746673584,0.13842228055000305,0.7599202990531921,-0.35889357328414917,0.6369311213493347,1.6314787864685059,-0.08847653120756149,0.39861294627189636,1.6152433156967163,0.09267522394657135,0.6274742484092712,2.3031134605407715,-0.07574513554573059,0.40941154956817627,2.290134906768799,0.11409047245979309,0.6242507696151733,2.893735647201538,0.36629483103752136,0.40515172481536865,2.880016326904297,0.4452601373195648,0.6321895122528076,2.981522798538208,0.3837648928165436,0.4031716287136078,2.959953546524048,0.4551839530467987,0.5861467123031616,3.0795681476593018,-0.09559008479118347,0.4285464286804199,3.0844249725341797,-0.07704699039459229,0.2766464948654175,0.8676344156265259,1.7009242014864867e-07,0.26365789771080017,0.7986125946044922,0.008251313120126724,0.22830408811569214,0.7657960653305054,0.014154535718262196,0.20663030445575714,0.749352216720581,0.015004405751824379,0.1927230954170227,0.7329387068748474,0.015093871392309666,0.16597101092338562,0.7586780786514282,0.024525295943021774,0.1262078583240509,0.7129407525062561,0.019152022898197174,0.09803526848554611,0.6775762438774109,0.010501902550458908,0.07299661636352539,0.6517171859741211,0.003048703772947192,0.15974311530590057,0.7663984298706055,0.011541350744664669,0.11552559584379196,0.7115594148635864,0.006763137876987457,0.08593212068080902,0.6733741164207458,-0.002984546357765794,0.05878534913063049,0.6424334645271301,-0.011161014437675476,0.15816044807434082,0.779829740524292,-0.003395348321646452,0.11490315943956375,0.7289317846298218,-0.008668454363942146,0.08560045808553696,0.6930322647094727,-0.017274631187319756,0.059861909598112106,0.6653643846511841,-0.02427380532026291,0.16046154499053955,0.797094464302063,-0.018736043944954872,0.12609778344631195,0.7587546706199646,-0.022678207606077194,0.10344845056533813,0.7313305735588074,-0.02589985728263855,0.08355411887168884,0.7071592211723328,-0.02943781390786171
